2008-04-23,"5,126.26",5,5,5,0,0
2008-06-09,5,8,6.95,7.35,416380000,0
2008-06-10,7.35,8,6.65,6.95,127310000,0
2008-06-11,6.95,7.1,6.9,6.95,183490000,0
2008-06-12,6.95,7.5,7.1,7.35,131240000,0
2008-06-13,7.35,7.65,7,7.45,250900000,0
2008-06-16,7.45,8.15,7.5,7.9,103790000,0
2008-06-17,7.9,8.05,7.7,7.8,121490000,0
2008-06-18,7.8,7.9,7.7,7.8,112660000,0
2008-06-19,7.8,7.9,7.8,7.85,58890000,0
2008-06-20,7.85,7.9,7.7,7.8,61270000,0
2008-06-23,7.8,7.9,7.75,7.8,100390000,0
2008-06-24,7.8,7.8,7.55,7.7,56940000,0
2008-06-25,7.7,7.7,7.4,7.55,68550000,0
2008-06-26,7.55,7.5,7.05,7.25,56220000,0
2008-06-27,7.25,7.4,7.2,7.25,77780000,0
2008-06-30,7.25,7.55,7.3,7.4,36380000,0
2008-07-01,7.4,7.5,7.25,7.35,41090000,0
2008-07-02,7.35,7.5,7.2,7.25,60290000,0
2008-07-03,7.25,7.4,7,7.2,47490000,0
2008-07-04,7.2,7.2,7.05,7.1,25270000,0
2008-07-07,7.1,7.2,6.95,7.05,29580000,0
2008-07-08,7.05,7,6.85,6.9,21290000,0
2008-07-09,6.9,7,6.75,6.8,33550000,0
2008-07-10,6.8,7.2,6.8,6.95,64660000,0
2008-07-11,6.95,7,6.85,6.9,21280000,0
2008-07-14,6.9,6.95,6.7,6.8,17920000,0
2008-07-15,6.8,6.8,6.55,6.7,29320000,0
2008-07-16,6.7,6.75,6.65,6.65,30190000,0
2008-07-17,6.65,6.7,6.5,6.6,18200000,0
2008-07-18,6.6,6.6,5.95,6.2,72490000,0
2008-07-21,6.2,6.5,6.2,6.3,21750000,0
2008-07-22,6.3,6.5,6.4,6.45,28310000,0
2008-07-23,6.45,6.5,6.35,6.45,22010000,0
2008-07-24,6.45,6.5,6.4,6.45,17640000,0
2008-07-25,6.45,6.95,6.25,6.35,115170000,0
2008-07-28,6.35,6.4,6.05,6.3,13170000,0
2008-07-29,6.3,6.2,6,6,31880000,0
2008-07-30,6,6.2,5.75,5.95,49740000,0
2008-07-31,5.95,6,5.45,5.8,18270000,0
2008-08-01,5.8,5.9,5.5,5.7,23760000,0
2008-08-04,5.7,5.9,5.7,5.75,49780000,0
2008-08-05,5.75,5.9,5.75,5.8,18760000,0
2008-08-06,5.8,5.9,5.55,5.75,8850000,0
2008-08-07,5.75,5.85,5.55,5.75,14340000,0
2008-08-08,5.75,5.75,5.55,5.6,6420000,0
2008-08-11,5.6,5.75,5.4,5.5,13700000,0
2008-08-12,5.5,5.5,4.95,5.15,16920000,0
2008-08-13,5.15,5.5,5.05,5.2,22780000,0
2008-08-14,5.2,5.7,5.35,5.55,6350000,0
2008-08-15,5.55,6.05,5.55,5.85,27470000,0
2008-08-18,5.85,6,5.7,5.85,8020000,0
2008-08-19,5.85,5.9,5.75,5.8,14860000,0
2008-08-20,5.8,5.9,5.8,5.8,9620000,0
2008-08-21,5.8,5.85,5.7,5.8,17240000,0
2008-08-22,5.8,5.85,5.7,5.75,6940000,0
2008-08-25,5.75,5.8,5.6,5.7,12930000,0
2008-08-26,5.7,6,5.55,5.7,7430000,0
2008-08-27,5.7,5.8,5.5,5.65,12680000,0
2008-08-28,5.65,5.75,5.5,5.65,19980000,0
2008-08-29,5.65,5.7,5.25,5.5,35320000,0
2008-09-01,5.5,5.6,5.1,5.4,8170000,0
2008-09-02,5.4,5.5,5.2,5.35,5140000,0
2008-09-03,5.35,5.5,5.2,5.35,13150000,0
2008-09-04,5.35,5.35,5.2,5.25,8030000,0
2008-09-05,5.25,5.45,5.2,5.25,15780000,0
2008-09-08,5.25,5.4,5.2,5.3,12540000,0
2008-09-09,5.3,5.4,5.25,5.3,9870000,0
2008-09-10,5.3,5.4,5.2,5.25,20000000,0
2008-09-11,5.25,5.3,5.05,5.2,11860000,0
2008-09-12,5.2,5.25,5.05,5.15,25500000,0
2008-09-15,5.15,5.2,4.85,5.05,5290000,0
2008-09-16,5.05,5.1,4.6,4.8,48810000,0
2008-09-17,4.8,4.95,4.7,4.8,7310000,0
2008-09-18,4.8,5.2,4.75,4.9,34870000,0
2008-09-19,4.9,5.05,4.85,4.9,32340000,0
2008-09-22,4.9,5.1,4.65,4.95,19360000,0
2008-09-23,4.95,5,4.85,4.95,22370000,0
2008-09-24,4.95,5,4.9,4.95,17660000,0
2008-09-25,4.95,5.1,4.9,4.95,31620000,0
2008-09-26,4.95,5.05,4.9,4.95,12140000,0
2008-09-29,4.95,5,4.9,4.95,5570000,0
2008-09-30,4.95,5,4.8,4.9,8640000,0
2008-09-30,4.95,5,4.8,4.9,8640000,0
2008-10-02,4.9,5,4.8,4.85,4530000,0
2008-10-03,4.85,4.95,4.7,4.8,29440000,0
2008-10-06,4.8,4.8,4.7,4.75,9260000,0
2008-10-07,4.75,4.75,4.3,4.5,25830000,0
2008-10-08,4.5,4.4,4.05,4.05,15220000,0
2008-10-09,4.05,4,3.65,3.7,72820000,0
2008-10-09,4.05,4,3.65,3.7,72820000,0
2008-10-13,3.7,4.05,3.75,3.95,16680000,0
2008-10-14,3.95,4.35,3.9,4,20400000,0
2008-10-15,4,4.35,4,4.05,15900000,0
2008-10-16,4.05,4.3,3.8,3.95,11860000,0
2008-10-17,3.95,4.3,3.8,3.9,5450000,0
2008-10-17,3.95,4.3,3.8,3.9,5450000,0
2008-10-21,3.9,4,3.55,3.7,9350000,0
2008-10-22,3.7,3.8,3.5,3.6,6090000,0
2008-10-23,3.6,3.8,3.5,3.6,8190000,0
2008-10-24,3.6,3.6,3.35,3.45,8740000,0
2008-10-27,3.45,3.7,3.3,3.4,8140000,0
2008-10-28,3.4,3.5,3.1,3.25,7700000,0
2008-10-29,3.25,3.4,3,3.1,9350000,0
2008-10-30,3.1,3.25,3.05,3.1,12070000,0
2008-10-31,3.1,3.4,3.2,3.35,23910000,0
2008-11-03,3.35,3.7,3.4,3.55,11070000,0
2008-11-03,3.35,3.7,3.4,3.55,11070000,0
2008-11-04,3.55,3.9,3.8,3.85,12250000,0
2008-11-04,3.55,3.9,3.8,3.85,12250000,0
2008-11-05,3.85,4.2,4,4.15,23110000,0
2008-11-05,3.85,4.2,4,4.15,23110000,0
2008-11-05,3.85,4.2,4,4.15,23110000,0
2008-11-05,3.85,4.2,4,4.15,23110000,0
2008-11-07,4.15,4.3,3.8,4,22940000,0
2008-11-07,4.15,4.3,3.8,4,22940000,0
2008-11-10,4,4.4,4.05,4.2,8650000,0
2008-11-10,4,4.4,4.05,4.2,8650000,0
2008-11-11,4.2,4.5,4.05,4.25,21870000,0
2008-11-11,4.2,4.5,4.05,4.25,21870000,0
2008-11-12,4.25,4.3,3.65,3.85,13830000,0
2008-11-12,4.25,4.3,3.65,3.85,13830000,0
2008-11-13,3.85,3.9,3.55,3.8,4370000,0
2008-11-13,3.85,3.9,3.55,3.8,4370000,0
2008-11-14,3.8,4,3.8,3.8,12620000,0
2008-11-17,3.8,3.95,3.75,3.85,6030000,0
2008-11-18,3.85,3.9,3.7,3.8,13170000,0
2008-11-19,3.8,3.8,3.5,3.65,7060000,0
2008-11-20,3.65,3.85,3.5,3.6,7690000,0
2008-11-21,3.6,3.7,3.5,3.65,15730000,0
2008-11-24,3.65,3.7,3.55,3.6,8250000,0
2008-11-25,3.6,3.8,3.6,3.7,4640000,0
2008-11-26,3.7,3.9,3.65,3.75,5560000,0
2008-11-27,3.75,3.8,3.6,3.75,1670000,0
2008-11-28,3.75,3.8,3.55,3.65,7090000,0
2008-12-01,3.65,3.7,3.5,3.55,2280000,0
2008-12-02,3.55,3.55,3.2,3.35,6240000,0
2008-12-03,3.35,3.4,3.25,3.35,1130000,0
2008-12-04,3.35,3.4,3.2,3.2,5250000,0
2008-12-05,3.2,3.4,3.2,3.3,4480000,0
2008-12-08,3.3,3.4,3.15,3.2,3540000,0
2008-12-09,3.2,3.3,3.2,3.25,3490000,0
2008-12-10,3.25,3.4,3.2,3.3,4170000,0
2008-12-11,3.3,3.4,3.25,3.35,2680000,0
2008-12-11,3.3,3.4,3.25,3.35,2680000,0
2008-12-15,3.35,3.5,3.3,3.4,2980000,0
2008-12-16,3.4,3.5,3.3,3.35,6430000,0
2008-12-17,3.35,3.5,3.3,3.35,3170000,0
2008-12-18,3.35,3.6,3.35,3.45,5330000,0
2008-12-19,3.45,3.6,3.4,3.45,12450000,0
2008-12-22,3.45,3.6,3.4,3.5,2940000,0
2008-12-23,3.5,3.6,3.45,3.5,2270000,0
2008-12-24,3.5,3.7,3.5,3.55,4530000,0
2008-12-24,3.5,3.7,3.5,3.55,4530000,0
2008-12-24,3.5,3.7,3.5,3.55,4530000,0
2008-12-24,3.5,3.7,3.5,3.55,4530000,0
2008-12-24,3.5,3.7,3.5,3.55,4530000,0
2008-12-29,3.55,3.75,3.45,3.55,13730000,0
2008-12-30,3.55,3.7,3.5,3.6,9340000,0
2008-12-31,3.6,3.7,3.55,3.6,1040000,0
2008-12-31,3.6,3.7,3.55,3.6,1040000,0
2008-12-31,3.6,3.7,3.55,3.6,1040000,0
2009-01-02,3.6,3.75,3.6,3.6,1220000,0
2009-01-05,3.6,3.75,3.6,3.6,1560000,0
2009-01-06,3.6,3.75,3.6,3.6,3840000,0
2009-01-07,3.6,3.75,3.6,3.6,4520000,0
2009-01-08,3.6,3.7,3.5,3.55,3140000,0
2009-01-09,3.55,3.65,3.5,3.55,3010000,0
2009-01-12,3.55,3.6,3.5,3.55,2430000,0
2009-01-13,3.55,3.6,3.5,3.5,1680000,0
2009-01-14,3.5,3.6,3.5,3.5,2660000,0
2009-01-15,3.5,3.6,3.45,3.5,4120000,0
2009-01-16,3.5,3.5,3.3,3.4,7690000,0
2009-01-19,3.4,3.4,3.3,3.35,2770000,0
2009-01-20,3.35,3.35,3.2,3.25,5280000,0
2009-01-21,3.25,3.25,3,3.1,4790000,0
2009-01-22,3.1,3.15,3,3.05,4380000,0
2009-01-23,3.05,3.25,3.1,3.1,7060000,0
2009-01-26,3.1,3.25,3.1,3.1,5610000,0
2009-01-27,3.1,3.25,3.15,3.2,14120000,0
2009-01-28,3.2,3.3,3.15,3.2,3290000,0
2009-01-29,3.2,3.25,3.15,3.2,3850000,0
2009-01-30,3.2,3.25,3.15,3.15,1340000,0
2009-02-02,3.15,3.2,3.1,3.1,4010000,0
2009-02-03,3.1,3.2,3,3.1,4230000,0
2009-02-04,3.1,3.25,3.1,3.1,6250000,0
2009-02-05,3.1,3.2,3.1,3.1,9510000,0
2009-02-06,3.1,3.25,3.1,3.1,1970000,0
2009-02-09,3.1,3.2,3.1,3.1,2010000,0
2009-02-10,3.1,3.3,3.1,3.15,3580000,0
2009-02-11,3.15,3.25,3.1,3.15,3990000,0
2009-02-12,3.15,3.3,3,3.15,7800000,0
2009-02-13,3.15,3.15,3.1,3.1,2440000,0
2009-02-16,3.1,3.15,3.05,3.1,3220000,0
2009-02-17,3.1,3.15,3,3.1,1780000,0
2009-02-18,3.1,3.1,3,3,5410000,0
2009-02-19,3,3.1,2.95,3,5110000,0
2009-02-20,3,3.1,2.95,3,2480000,0
2009-02-23,3,3.1,2.8,2.9,3660000,0
2009-02-24,2.9,2.9,2.7,2.8,4010000,0
2009-02-25,2.8,2.8,2.65,2.7,4650000,0
2009-02-26,2.7,2.7,2.5,2.6,3450000,0
2009-02-27,2.6,2.7,2.5,2.55,5210000,0
2009-03-02,2.55,2.7,2.55,2.6,9310000,0
2009-03-03,2.6,2.7,2.6,2.65,6580000,0
2009-03-04,2.65,2.7,2.6,2.6,7870000,0
2009-03-05,2.6,2.75,2.65,2.65,2100000,0
2009-03-06,2.65,2.75,2.65,2.65,10380000,0
2009-03-09,2.65,2.9,2.7,2.7,4170000,0
2009-03-10,2.7,2.8,2.7,2.7,2450000,0
2009-03-11,2.7,2.9,2.6,2.75,882100,0
2009-03-12,2.75,3,2.8,2.85,5820000,0
2009-03-13,2.85,3.1,2.9,2.95,6310000,0
2009-03-16,2.95,3.05,2.7,2.95,4350000,0
2009-03-17,2.95,3.15,3,3,3650000,0
2009-03-18,3,3.25,3,3.1,1830000,0
2009-03-19,3.1,3.3,3.05,3.05,5410000,0
2009-03-20,3.05,3.2,3.05,3.1,2310000,0
2009-03-23,3.1,3.15,3,3.05,2670000,0
2009-03-24,3.05,3.15,2.95,3.05,3510000,0
2009-03-25,3.05,3.1,2.95,3.05,16830000,0
2009-03-26,3.05,3.1,3,3.05,1540000,0
2009-03-27,3.05,3.2,3.05,3.1,5160000,0
2009-03-30,3.1,3.15,3.05,3.05,5070000,0
2009-03-31,3.05,3.1,2.9,3,8380000,0
2009-04-01,3,3,2.9,2.95,1780000,0
2009-04-02,2.95,3,2.8,2.9,5770000,0
2009-04-03,2.9,2.95,2.85,2.9,1340000,0
2009-04-06,2.9,3,2.85,2.9,1440000,0
2009-04-07,2.9,3,2.75,2.8,5460000,0
2009-04-08,2.8,2.9,2.6,2.8,3210000,0
2009-04-09,2.8,2.9,2.75,2.85,2290000,0
2009-04-09,2.8,2.9,2.75,2.85,2290000,0
2009-04-09,2.8,2.9,2.75,2.85,2290000,0
2009-04-14,2.85,2.9,2.8,2.85,2260000,0
2009-04-15,2.85,2.9,2.75,2.8,2930000,0
2009-04-16,2.8,2.85,2.75,2.75,8450000,0
2009-04-17,2.75,2.85,2.75,2.75,8650000,0
2009-04-20,2.75,2.9,2.75,2.8,11220000,0
2009-04-21,2.8,2.95,2.8,2.85,10870000,0
2009-04-22,2.85,2.9,2.8,2.8,3600000,0
2009-04-23,2.8,2.85,2.8,2.8,12100000,0
2009-04-24,2.8,2.85,2.65,2.75,8670000,0
2009-04-27,2.75,2.8,2.7,2.75,5280000,0
2009-04-28,2.75,2.85,2.7,2.75,4370000,0
2009-04-29,2.75,2.9,2.8,2.8,1920000,0
2009-04-30,2.8,2.9,2.75,2.85,3180000,0
2009-04-30,2.8,2.9,2.75,2.85,3180000,0
2009-05-04,2.85,2.85,2.7,2.8,4920000,0
2009-05-05,2.8,2.9,2.75,2.8,15830000,0
2009-05-06,2.8,2.85,2.8,2.8,4790000,0
2009-05-07,2.8,2.85,2.75,2.8,13490000,0
2009-05-08,2.8,2.85,2.8,2.8,3010000,0
2009-05-11,2.8,2.9,2.8,2.8,8710000,0
2009-05-12,2.8,2.85,2.8,2.8,5860000,0
2009-05-13,2.8,2.9,2.7,2.75,3810000,0
2009-05-14,2.75,2.95,2.8,2.85,1540000,0
2009-05-15,2.85,3,2.9,2.95,1440000,0
2009-05-18,2.95,3.05,2.9,2.95,3230000,0
2009-05-19,2.95,3,2.9,2.95,5700000,0
2009-05-20,2.95,3.05,2.95,2.95,23720000,0
2009-05-21,2.95,2.95,2.75,2.85,20090000,0
2009-05-22,2.85,2.9,2.8,2.85,8190000,0
2009-05-25,2.85,2.9,2.8,2.8,10070000,0
2009-05-26,2.8,2.9,2.75,2.8,22990000,0
2009-05-27,2.8,2.9,2.75,2.8,10890000,0
2009-05-28,2.8,2.85,2.75,2.75,13840000,0
2009-05-29,2.75,2.85,2.7,2.75,17270000,0
2009-05-29,2.75,2.85,2.7,2.75,17270000,0
2009-06-02,2.75,2.85,2.75,2.75,18620000,0
2009-06-03,2.75,2.85,2.8,2.8,11140000,0
2009-06-04,2.8,2.85,2.8,2.8,6760000,0
2009-06-05,2.8,2.9,2.8,2.8,17610000,0
2009-06-08,2.8,2.9,2.8,2.8,6180000,0
2009-06-09,2.8,2.9,2.8,2.8,6090000,0
2009-06-10,2.8,2.95,2.8,2.85,2850000,0
2009-06-11,2.85,3.05,2.85,2.95,13300000,0
2009-06-12,2.95,3.1,2.95,3,14360000,0
2009-06-15,3,3.15,3,3.05,12260000,0
2009-06-16,3.05,3.25,3,3.15,10670000,0
2009-06-17,3.15,3.4,3.1,3.3,8860000,0
2009-06-18,3.3,3.6,3.3,3.5,21590000,0
2009-06-19,3.5,3.6,3.4,3.45,20680000,0
2009-06-22,3.45,3.5,3.35,3.4,8170000,0
2009-06-23,3.4,3.5,3.2,3.3,5240000,0
2009-06-24,3.3,3.3,3.15,3.2,5620000,0
2009-06-25,3.2,3.3,3.05,3.2,5480000,0
2009-06-26,3.2,3.25,3.15,3.15,2490000,0
2009-06-29,3.15,3.25,3.05,3.1,12990000,0
2009-06-30,3.1,3.4,3.05,3.2,8700000,0
2009-07-01,3.2,3.4,3.2,3.3,12640000,0
2009-07-02,3.3,3.55,3.25,3.4,6770000,0
2009-07-03,3.4,3.7,3.35,3.55,10410000,0
2009-07-06,3.55,3.8,3.5,3.7,13290000,0
2009-07-07,3.7,3.8,3.6,3.75,8800000,0
2009-07-08,3.75,3.75,3.55,3.65,12160000,0
2009-07-09,3.65,3.7,3.55,3.6,4320000,0
2009-07-10,3.6,3.75,3.6,3.65,8030000,0
2009-07-13,3.65,3.7,3.6,3.6,5440000,0
2009-07-14,3.6,3.65,3.5,3.6,7340000,0
2009-07-15,3.6,3.8,3.25,3.65,8540000,0
2009-07-16,3.65,3.8,3.3,3.75,5740000,0
2009-07-17,3.75,3.8,3.5,3.65,5920000,0
2009-07-20,3.65,3.75,3.6,3.7,4600000,0
2009-07-21,3.7,3.8,3.7,3.75,4120000,0
2009-07-22,3.75,3.8,3.7,3.75,5360000,0
2009-07-23,3.75,3.8,3.65,3.7,9530000,0
2009-07-24,3.7,3.8,3.7,3.75,3550000,0
2009-07-27,3.75,3.8,3.7,3.7,7220000,0
2009-07-28,3.7,3.75,3.7,3.7,4490000,0
2009-07-29,3.7,3.75,3.6,3.65,2990000,0
2009-07-30,3.65,3.8,3.6,3.7,7750000,0
2009-07-31,3.7,3.8,3.6,3.75,10150000,0
2009-08-03,3.75,3.8,3.7,3.7,4730000,0
2009-08-04,3.7,3.9,3.7,3.75,8730000,0
2009-08-05,3.75,3.9,3.75,3.75,8540000,0
2009-08-06,3.75,4,3.8,3.9,8680000,0
2009-08-07,3.9,4,3.9,3.9,4280000,0
2009-08-10,3.9,4,3.6,3.9,10610000,0
2009-08-11,3.9,3.95,3.7,3.9,4620000,0
2009-08-12,3.9,3.95,3.8,3.9,5030000,0
2009-08-13,3.9,3.95,3.6,3.8,11820000,0
2009-08-14,3.8,3.9,3.75,3.8,9390000,0
2009-08-17,3.8,3.85,3.7,3.75,6580000,0
2009-08-18,3.75,3.85,3.65,3.7,4760000,0
2009-08-19,3.7,3.85,3.6,3.6,13700000,0
2009-08-20,3.6,3.85,3.5,3.55,13670000,0
2009-08-21,3.55,3.65,3.55,3.6,8360000,0
2009-08-24,3.6,3.6,3.5,3.5,7630000,0
2009-08-24,3.6,3.6,3.5,3.5,7630000,0
2009-08-26,3.5,3.65,3.5,3.5,9780000,0
2009-08-27,3.5,3.65,3.5,3.55,9480000,0
2009-08-28,3.55,3.7,3.55,3.6,3510000,0
2009-08-31,3.6,3.8,3.55,3.6,6040000,0
2009-09-01,3.6,3.75,3.6,3.6,2910000,0
2009-09-02,3.6,3.75,3.65,3.65,2110000,0
2009-09-03,3.65,3.75,3.6,3.65,5160000,0
2009-09-04,3.65,3.8,3.6,3.65,2890000,0
2009-09-07,3.65,3.8,3.65,3.65,2130000,0
2009-09-08,3.65,3.7,3.65,3.65,2340000,0
2009-09-09,3.65,3.7,3.6,3.6,4550000,0
2009-09-10,3.6,3.75,3.5,3.65,2920000,0
2009-09-11,3.65,3.8,3.65,3.7,2450000,0
2009-09-14,3.7,3.9,3.6,3.8,5340000,0
2009-09-15,3.8,3.9,3.75,3.85,5580000,0
2009-09-16,3.85,3.95,3.85,3.85,11610000,0
2009-09-17,3.85,3.95,3.85,3.9,12980000,0
2009-09-18,3.9,3.95,3.7,3.85,6150000,0
2009-09-18,3.9,3.95,3.7,3.85,6150000,0
2009-09-22,3.85,3.85,3.65,3.75,4040000,0
2009-09-23,3.75,3.9,3.55,3.8,9360000,0
2009-09-24,3.8,3.9,3.75,3.85,2490000,0
2009-09-25,3.85,3.9,3.65,3.75,5660000,0
2009-09-28,3.75,3.85,3.55,3.75,4350000,0
2009-09-29,3.75,3.8,3.65,3.7,9960000,0
2009-09-30,3.7,3.8,3.7,3.7,10490000,0
2009-10-01,3.7,3.8,3.7,3.7,2630000,0
2009-10-02,3.7,3.8,3.7,3.75,5260000,0
2009-10-05,3.75,3.8,3.65,3.7,3540000,0
2009-10-06,3.7,3.75,3.7,3.7,3530000,0
2009-10-07,3.7,3.85,3.5,3.65,12410000,0
2009-10-08,3.65,3.8,3.65,3.7,6560000,0
2009-10-09,3.7,3.85,3.7,3.7,6670000,0
2009-10-12,3.7,3.75,3.65,3.7,6170000,0
2009-10-13,3.7,3.8,3.7,3.7,8780000,0
2009-10-14,3.7,3.85,3.7,3.75,13240000,0
2009-10-15,3.75,3.85,3.7,3.75,5440000,0
2009-10-16,3.75,3.9,3.75,3.8,1790000,0
2009-10-19,3.8,3.85,3.7,3.8,4430000,0
2009-10-19,3.8,3.85,3.7,3.8,4430000,0
2009-10-21,3.8,3.9,3.75,3.75,9550000,0
2009-10-22,3.75,3.9,3.6,3.8,10720000,0
2009-10-22,3.75,3.9,3.6,3.8,10720000,0
2009-10-26,3.8,3.95,3.8,3.85,7550000,0
2009-10-27,3.85,4,3.8,3.9,27260000,0
2009-10-28,3.9,4,3.9,3.9,6560000,0
2009-10-29,3.9,4.05,3.8,3.95,10120000,0
2009-10-29,3.9,4.05,3.8,3.95,10120000,0
2009-11-02,3.95,4.05,3.9,4,8180000,0
2009-11-03,4,4.05,3.95,3.95,10710000,0
2009-11-04,3.95,4,3.65,3.95,7190000,0
2009-11-05,3.95,4,3.8,3.95,12830000,0
2009-11-06,3.95,4.05,3.9,4,6170000,0
2009-11-09,4,4.05,3.95,4,4450000,0
2009-11-10,4,4.05,4,4,9710000,0
2009-11-11,4,4.05,4,4,3650000,0
2009-11-12,4,4.1,4,4.05,6160000,0
2009-11-13,4.05,4.15,4.05,4.05,2190000,0
2009-11-16,4.05,4.2,4.05,4.1,3140000,0
2009-11-17,4.1,4.2,4,4.1,5670000,0
2009-11-18,4.1,4.4,4.1,4.2,4100000,0
2009-11-19,4.2,4.5,4.3,4.4,14950000,0
2009-11-20,4.4,4.8,4.15,4.5,53020000,0
2009-11-23,4.5,4.95,4.55,4.8,34550000,0
2009-11-24,4.8,4.8,4.65,4.7,23290000,0
2009-11-25,4.7,5.15,4.55,4.9,29140000,0
2009-11-26,4.9,5.2,5,5.05,22030000,0
2009-11-27,5.05,5.1,4.75,5,15520000,0
2009-11-30,5,5,4.6,4.85,5870000,0
2009-12-01,4.85,4.95,4.8,4.8,3530000,0
2009-12-02,4.8,4.85,4.65,4.8,10300000,0
2009-12-03,4.8,4.85,4.7,4.7,2630000,0
2009-12-04,4.7,4.7,4.55,4.6,3970000,0
2009-12-07,4.6,4.6,4.5,4.5,8390000,0
2009-12-08,4.5,4.7,4.45,4.5,14900000,0
2009-12-09,4.5,4.6,4.5,4.5,9600000,0
2009-12-10,4.5,4.65,4.5,4.55,4510000,0
2009-12-11,4.55,4.55,4.4,4.5,4650000,0
2009-12-14,4.5,4.6,4.5,4.5,2430000,0
2009-12-15,4.5,4.6,4.4,4.5,6760000,0
2009-12-16,4.5,4.65,4.5,4.5,10780000,0
2009-12-17,4.5,4.6,4.5,4.55,7410000,0
2009-12-18,4.55,4.65,4.5,4.55,3110000,0
2009-12-21,4.55,4.6,4.5,4.5,8030000,0
2009-12-22,4.5,4.6,4.5,4.5,2630000,0
2009-12-23,4.5,4.6,4.4,4.5,7300000,0
2009-12-24,4.5,4.6,4.45,4.5,2270000,0
2009-12-24,4.5,4.6,4.45,4.5,2270000,0
2009-12-28,4.5,4.65,4.4,4.55,5520000,0
2009-12-29,4.55,4.6,4.55,4.55,3740000,0
2009-12-30,4.55,4.65,4.5,4.55,6140000,0
2009-12-31,4.55,4.6,4.4,4.55,4400000,0
2009-12-31,4.55,4.6,4.4,4.55,4400000,0
2010-01-04,4.55,4.65,4.55,4.55,2800000,0
2010-01-05,4.55,4.7,4.55,4.55,1970000,0
2010-01-06,4.55,4.9,4.7,4.8,3860000,0
2010-01-07,4.8,5.05,4.85,4.95,22380000,0
2010-01-08,4.95,5.1,5,5,37600000,0
2010-01-11,5,5.15,5,5.05,20470000,0
2010-01-12,5.05,5.2,5,5.15,52150000,0
2010-01-13,5.15,5.65,5.1,5.4,31640000,0
2010-01-14,5.4,5.9,5.5,5.75,34230000,0
2010-01-15,5.75,5.7,5.45,5.55,27800000,0
2010-01-18,5.55,6.1,5.5,6,88010000,0
2010-01-19,6,6.05,5.55,5.95,14770000,0
2010-01-20,5.95,5.95,5.5,5.6,9270000,0
2010-01-21,5.6,5.6,5.35,5.4,21950000,0
2010-01-22,5.4,5.5,5.35,5.45,9560000,0
2010-01-25,5.45,5.7,5.45,5.55,13150000,0
2010-01-26,5.55,5.6,5.5,5.55,12220000,0
2010-01-27,5.55,5.7,5.45,5.55,9240000,0
2010-01-28,5.55,5.55,5.35,5.45,10750000,0
2010-01-29,5.45,5.45,5.1,5.25,6450000,0
2010-02-01,5.25,5.35,5.05,5.15,9310000,0
2010-02-02,5.15,5.1,5,5,2870000,0
2010-02-03,5,5.5,4.9,5.35,41540000,0
2010-02-04,5.35,5.85,5.35,5.7,32320000,0
2010-02-05,5.7,5.75,5.55,5.65,9440000,0
2010-02-08,5.65,5.6,5.3,5.5,7270000,0
2010-02-09,5.5,5.55,5.3,5.5,4620000,0
2010-02-10,5.5,5.55,5.35,5.4,4980000,0
2010-02-11,5.4,5.5,5.35,5.35,2590000,0
2010-02-12,5.35,5.4,5.35,5.35,3130000,0
2010-02-15,5.35,5.4,5.35,5.35,4800000,0
2010-02-16,5.35,5.4,5.15,5.3,7150000,0
2010-02-17,5.3,5.3,5.15,5.2,7970000,0
2010-02-18,5.2,5.4,5.25,5.3,4670000,0
2010-02-19,5.3,5.4,5.3,5.3,9550000,0
2010-02-22,5.3,5.45,5.35,5.35,4670000,0
2010-02-23,5.35,5.4,5.3,5.35,2280000,0
2010-02-24,5.35,5.45,5.3,5.35,7660000,0
2010-02-25,5.35,5.5,5.3,5.4,27200000,0
2010-02-26,5.4,5.45,5.35,5.4,17830000,0
2010-03-01,5.4,5.45,5.25,5.35,9330000,0
2010-03-02,5.35,5.45,5.35,5.4,10130000,0
2010-03-03,5.4,5.45,5.35,5.4,9290000,0
2010-03-04,5.4,5.5,5.35,5.4,6370000,0
2010-03-05,5.4,5.45,5.35,5.35,4820000,0
2010-03-08,5.35,5.45,5.4,5.4,18280000,0
2010-03-09,5.4,5.5,5.4,5.4,16310000,0
2010-03-10,5.4,5.5,5.4,5.45,8590000,0
2010-03-11,5.45,5.5,5.45,5.45,7650000,0
2010-03-12,5.45,5.55,5.45,5.45,4500000,0
2010-03-15,5.45,5.5,5.4,5.45,12460000,0
2010-03-16,5.45,5.5,5.45,5.45,9600000,0
2010-03-17,5.45,5.5,5.35,5.4,39120000,0
2010-03-18,5.4,5.45,5.3,5.4,10970000,0
2010-03-19,5.4,5.45,5.3,5.35,49190000,0
2010-03-22,5.35,5.45,5.2,5.3,38250000,0
2010-03-23,5.3,5.6,5.3,5.45,12060000,0
2010-03-24,5.45,5.6,5.5,5.5,12530000,0
2010-03-25,5.5,5.55,5.5,5.5,4380000,0
2010-03-26,5.5,5.6,5.5,5.5,19140000,0
2010-03-29,5.5,5.6,5.5,5.5,13940000,0
2010-03-30,5.5,5.6,5.5,5.5,8290000,0
2010-03-31,5.5,5.6,5.5,5.5,52670000,0
2010-04-01,5.5,5.6,5.4,5.5,6980000,0
2010-04-01,5.5,5.6,5.4,5.5,6980000,0
2010-04-01,5.5,5.6,5.4,5.5,6980000,0
2010-04-06,5.5,5.6,5.5,5.55,14060000,0
2010-04-07,5.55,5.6,5.55,5.55,11340000,0
2010-04-08,5.55,5.6,5.5,5.5,6090000,0
2010-04-09,5.5,5.6,5.5,5.55,6410000,0
2010-04-12,5.55,5.65,5.55,5.6,12290000,0
2010-04-13,5.6,5.7,5.5,5.6,15660000,0
2010-04-14,5.6,5.85,5.65,5.75,14060000,0
2010-04-15,5.75,5.95,5.8,5.8,9700000,0
2010-04-16,5.8,5.9,5.65,5.8,19700000,0
2010-04-19,5.8,5.8,5.5,5.65,10260000,0
2010-04-20,5.65,5.85,5.7,5.75,5970000,0
2010-04-21,5.75,5.85,5.75,5.8,5880000,0
2010-04-22,5.8,5.9,5.5,5.8,5610000,0
2010-04-23,5.8,5.9,5.8,5.8,4530000,0
2010-04-26,5.8,5.9,5.8,5.8,9340000,0
2010-04-27,5.8,5.9,5.8,5.8,11590000,0
2010-04-28,5.8,5.9,5.8,5.8,7230000,0
2010-04-29,5.8,5.9,5.8,5.8,4450000,0
2010-04-30,5.8,5.9,5.8,5.8,4290000,0
2010-05-03,5.8,5.9,5.8,5.8,6670000,0
2010-05-04,5.8,5.9,5.8,5.8,9470000,0
2010-05-05,5.8,6,5.8,5.95,35650000,0
2010-05-06,5.95,6.05,5.95,5.95,42930000,0
2010-05-07,5.95,6,5.9,5.9,41050000,0
2010-05-10,5.9,6,5.6,5.75,8520000,0
2010-05-11,5.75,5.8,5.6,5.65,5000000,0
2010-05-12,5.65,5.7,5.55,5.6,11660000,0
2010-05-13,5.6,5.8,5.6,5.65,75200000,0
2010-05-14,5.65,5.8,5.6,5.7,72930000,0
2010-05-17,5.7,5.7,5.45,5.6,47210000,0
2010-05-18,5.6,5.7,5.5,5.55,6950000,0
2010-05-19,5.55,5.6,5.55,5.55,27300000,0
2010-05-20,5.55,5.6,5.5,5.55,15530000,0
2010-05-21,5.55,5.65,5.55,5.55,29760000,0
2010-05-24,5.55,5.6,5.5,5.5,18550000,0
2010-05-25,5.5,5.6,5.35,5.4,36570000,0
2010-05-26,5.4,5.7,5.3,5.4,150960000,0
2010-05-27,5.4,5.9,5.1,5.3,83670000,0
2010-05-28,5.3,5.65,5.3,5.5,10860000,0
2010-05-31,5.5,5.6,5.4,5.55,2070000,0
2010-05-31,5.5,5.6,5.4,5.55,2070000,0
2010-06-02,5.55,5.65,5.2,5.55,9680000,0
2010-06-03,5.55,5.65,5.5,5.55,4530000,0
2010-06-04,5.55,5.65,5.5,5.6,5850000,0
2010-06-07,5.6,5.6,5.5,5.55,3670000,0
2010-06-08,5.55,5.6,5.5,5.55,18000000,0
2010-06-09,5.55,5.55,5.5,5.5,4290000,0
2010-06-10,5.5,5.6,5.45,5.5,9290000,0
2010-06-11,5.5,5.65,5.5,5.55,5210000,0
2010-06-14,5.55,5.65,5.5,5.55,3740000,0
2010-06-15,5.55,5.7,5.5,5.6,7990000,0
2010-06-16,5.6,5.9,5.65,5.75,11860000,0
2010-06-17,5.75,5.9,5.7,5.8,8090000,0
2010-06-18,5.8,5.85,5.3,5.75,6570000,0
2010-06-21,5.75,5.8,5.65,5.7,3540000,0
2010-06-22,5.7,5.8,5.7,5.75,7990000,0
2010-06-23,5.75,5.8,5.45,5.75,10900000,0
2010-06-24,5.75,5.9,5.7,5.8,13680000,0
2010-06-25,5.8,5.9,5.75,5.8,9270000,0
2010-06-28,5.8,5.85,5.6,5.75,5880000,0
2010-06-29,5.75,5.85,5.7,5.8,9970000,0
2010-06-30,5.8,5.9,5.75,5.8,10240000,0
2010-07-01,5.8,5.9,5.8,5.8,3970000,0
2010-07-02,5.8,5.85,5.75,5.75,8530000,0
2010-07-05,5.75,5.85,5.7,5.75,6560000,0
2010-07-06,5.75,5.95,5.7,5.75,8740000,0
2010-07-07,5.75,5.8,5.6,5.75,3930000,0
2010-07-08,5.75,5.85,5.6,5.8,12150000,0
2010-07-09,5.8,5.85,5.8,5.8,5210000,0
2010-07-12,5.8,5.9,5.8,5.8,5860000,0
2010-07-13,5.8,5.9,5.8,5.8,8710000,0
2010-07-14,5.8,5.95,5.85,5.9,15380000,0
2010-07-15,5.9,5.95,5.9,5.9,5890000,0
2010-07-16,5.9,5.95,5.9,5.9,5310000,0
2010-07-19,5.9,5.9,5.8,5.85,7200000,0
2010-07-20,5.85,5.9,5.5,5.8,7370000,0
2010-07-21,5.8,5.9,5.5,5.65,4310000,0
2010-07-22,5.65,5.8,5.6,5.7,3950000,0
2010-07-23,5.7,5.75,5.6,5.65,3000000,0
2010-07-26,5.65,5.7,5.55,5.6,4350000,0
2010-07-27,5.6,5.7,5.6,5.65,9980000,0
2010-07-28,5.65,5.75,5.65,5.65,4340000,0
2010-07-29,5.65,5.9,5.7,5.8,7270000,0
2010-07-30,5.8,5.95,5.8,5.85,9090000,0
2010-08-02,5.85,6,5.9,5.95,10990000,0
2010-08-03,5.95,6.15,5.9,6,33090000,0
2010-08-03,5.95,6.15,5.9,6,33090000,0
2010-08-05,6,6.05,5.95,5.95,10090000,0
2010-08-06,5.95,6,5.9,5.9,6400000,0
2010-08-09,5.9,6,5.8,5.9,5710000,0
2010-08-10,5.9,6,5.9,5.9,8790000,0
2010-08-11,5.9,5.95,5.75,5.85,15460000,0
2010-08-12,5.85,5.8,5.55,5.7,8570000,0
2010-08-13,5.7,5.75,5.55,5.6,6860000,0
2010-08-16,5.6,5.85,5.6,5.65,4100000,0
2010-08-17,5.65,5.85,5.7,5.75,3750000,0
2010-08-18,5.75,5.85,5.75,5.75,11320000,0
2010-08-19,5.75,5.8,5.65,5.7,36310000,0
2010-08-20,5.7,5.7,5.2,5.4,21690000,0
2010-08-23,5.4,5.45,5.05,5.2,35180000,0
2010-08-24,5.2,5.4,5.2,5.25,20730000,0
2010-08-25,5.25,5.35,4.85,5.15,23960000,0
2010-08-26,5.15,5,4.7,4.85,1880000,0
2010-08-26,5.15,5,4.7,4.85,1880000,0
2010-08-30,4.85,4.95,4.8,4.85,8890000,0
2010-08-31,4.85,4.9,4.85,4.85,9890000,0
2010-09-01,4.85,4.9,4.8,4.8,4480000,0
2010-09-02,4.8,4.9,4.8,4.8,6690000,0
2010-09-03,4.8,4.8,4.5,4.7,12590000,0
2010-09-06,4.7,4.8,4.65,4.7,4200000,0
2010-09-07,4.7,4.85,4.75,4.75,4790000,0
2010-09-08,4.75,5,4.8,4.95,19440000,0
2010-09-09,4.95,5,4.8,4.85,1910000,0
2010-09-10,4.85,4.9,4.65,4.75,6500000,0
2010-09-13,4.75,4.8,4.55,4.7,5170000,0
2010-09-14,4.7,4.85,4.7,4.75,25780000,0
2010-09-15,4.75,4.8,4.65,4.7,4380000,0
2010-09-16,4.7,4.75,4.65,4.65,5160000,0
2010-09-17,4.65,4.7,4.55,4.65,18050000,0
2010-09-20,4.65,4.75,4.55,4.65,3670000,0
2010-09-21,4.65,4.65,4.5,4.55,15300000,0
2010-09-22,4.55,4.6,4.5,4.5,16090000,0
2010-09-23,4.5,4.6,4.5,4.5,3700000,0
2010-09-24,4.5,4.55,4.4,4.45,6900000,0
2010-09-27,4.45,4.45,4.05,4.3,2920000,0
2010-09-28,4.3,4.45,4.3,4.3,12410000,0
2010-09-29,4.3,4.45,4.35,4.35,12800000,0
2010-09-30,4.35,4.5,4.4,4.45,6610000,0
2010-10-01,4.45,4.5,4.4,4.45,33790000,0
2010-10-04,4.45,4.6,4.45,4.55,10070000,0
2010-10-05,4.55,4.7,4.55,4.6,1940000,0
2010-10-06,4.6,4.9,4.65,4.7,9510000,0
2010-10-07,4.7,4.95,4.75,4.85,13610000,0
2010-10-08,4.85,4.95,4.8,4.85,19310000,0
2010-10-11,4.85,4.95,4.85,4.85,6070000,0
2010-10-12,4.85,4.9,4.85,4.85,5840000,0
2010-10-13,4.85,4.9,4.85,4.85,8430000,0
2010-10-14,4.85,4.95,4.85,4.85,6400000,0
2010-10-15,4.85,5,4.9,4.9,17850000,0
2010-10-18,4.9,4.95,4.9,4.9,4010000,0
2010-10-19,4.9,5,4.9,4.9,17560000,0
2010-10-19,4.9,5,4.9,4.9,17560000,0
2010-10-21,4.9,4.95,4.9,4.9,4780000,0
2010-10-22,4.9,4.95,4.9,4.9,4310000,0
2010-10-25,4.9,4.95,4.9,4.9,4070000,0
2010-10-26,4.9,5,4.9,4.95,13920000,0
2010-10-27,4.95,4.95,4.9,4.9,14230000,0
2010-10-28,4.9,4.95,4.85,4.85,9200000,0
2010-10-29,4.85,4.95,4.85,4.85,5080000,0
2010-11-01,4.85,4.95,4.85,4.85,11700000,0
2010-11-02,4.85,4.95,4.8,4.85,9280000,0
2010-11-03,4.85,4.9,4.7,4.75,12380000,0
2010-11-04,4.75,4.8,4.7,4.75,4970000,0
2010-11-05,4.75,4.75,4.65,4.65,6810000,0
2010-11-08,4.65,4.75,4.7,4.7,6250000,0
2010-11-09,4.7,4.8,4.6,4.7,63060000,0
2010-11-10,4.7,4.8,4.5,4.7,5030000,0
2010-11-11,4.7,4.8,4.7,4.7,5520000,0
2010-11-12,4.7,4.8,4.75,4.75,8730000,0
2010-11-15,4.75,4.8,4.6,4.7,6740000,0
2010-11-16,4.7,4.65,4.5,4.55,8800000,0
2010-11-17,4.55,4.6,4.3,4.55,9420000,0
2010-11-18,4.55,4.55,4.5,4.5,9860000,0
2010-11-19,4.5,4.6,4.5,4.5,16630000,0
2010-11-22,4.5,4.6,4.5,4.55,15620000,0
2010-11-23,4.55,4.6,4.5,4.55,9180000,0
2010-11-24,4.55,4.65,4.5,4.55,6120000,0
2010-11-25,4.55,4.6,4.5,4.5,16790000,0
2010-11-26,4.5,4.65,4.5,4.55,9930000,0
2010-11-29,4.55,4.6,4.5,4.5,9100000,0
2010-11-30,4.5,4.6,4.5,4.5,2660000,0
2010-12-01,4.5,4.6,4.5,4.55,6330000,0
2010-12-02,4.55,4.6,4.5,4.55,13460000,0
2010-12-03,4.55,4.6,4.5,4.55,3010000,0
2010-12-06,4.55,4.6,4.5,4.5,13030000,0
2010-12-07,4.5,4.65,4.5,4.55,19500000,0
2010-12-08,4.55,4.65,4.5,4.55,19210000,0
2010-12-09,4.55,4.75,4.55,4.65,11170000,0
2010-12-10,4.65,4.75,4.6,4.7,8120000,0
2010-12-10,4.65,4.75,4.6,4.7,8120000,0
2010-12-14,4.7,4.75,4.7,4.7,7090000,0
2010-12-15,4.7,4.75,4.7,4.7,16280000,0
2010-12-16,4.7,4.75,4.7,4.7,9620000,0
2010-12-17,4.7,4.75,4.7,4.7,3660000,0
2010-12-20,4.7,4.75,4.6,4.65,23420000,0
2010-12-21,4.65,4.7,4.6,4.6,2400000,0
2010-12-22,4.6,4.7,4.6,4.65,3230000,0
2010-12-23,4.65,4.75,4.6,4.7,9040000,0
2010-12-24,4.7,4.8,4.7,4.7,1560000,0
2010-12-27,4.7,4.75,4.6,4.65,1620000,0
2010-12-28,4.65,4.8,4.7,4.7,5250000,0
2010-12-29,4.7,4.75,4.7,4.7,4320000,0
2010-12-30,4.7,4.8,4.65,4.7,1710000,0
2010-12-31,4.7,4.75,4.6,4.7,2760000,0
2011-01-03,4.7,4.75,4.65,4.7,1210000,0
2011-01-04,4.7,4.75,4.65,4.7,28440000,0
2011-01-05,4.7,4.75,4.6,4.65,19490000,0
2011-01-06,4.65,4.75,4.65,4.7,19350000,0
2011-01-07,4.7,4.85,4.7,4.75,47080000,0
2011-01-10,4.75,4.8,4.75,4.75,33460000,0
2011-01-11,4.75,4.8,4.75,4.75,6870000,0
2011-01-12,4.75,4.8,4.7,4.75,79310000,0
2011-01-13,4.75,4.85,4.75,4.75,45930000,0
2011-01-14,4.75,4.8,4.6,4.7,25880000,0
2011-01-17,4.7,4.7,4.4,4.5,23570000,0
2011-01-18,4.5,4.5,4.2,4.25,13350000,0
2011-01-19,4.25,4.4,4.25,4.3,36000000,0
2011-01-20,4.3,4.4,4.3,4.3,17670000,0
2011-01-21,4.3,4.45,4.35,4.35,15190000,0
2011-01-24,4.35,4.45,4.4,4.4,19770000,0
2011-01-25,4.4,4.45,4.4,4.4,3000000,0
2011-01-26,4.4,4.6,4.4,4.5,12570000,0
2011-01-27,4.5,4.7,4.5,4.6,9760000,0
2011-01-28,4.6,4.6,4.5,4.5,8150000,0
2011-01-31,4.5,4.6,4.4,4.45,4920000,0
2011-02-01,4.45,4.5,4.4,4.4,10330000,0
2011-02-02,4.4,4.45,4.4,4.4,12810000,0
2011-02-03,4.4,4.45,4.4,4.4,6630000,0
2011-02-04,4.4,4.45,4.4,4.4,6280000,0
2011-02-07,4.4,4.45,4.35,4.35,7210000,0
2011-02-08,4.35,4.45,4.35,4.4,7680000,0
2011-02-09,4.4,4.45,4.35,4.35,3000000,0
2011-02-10,4.35,4.45,4.35,4.35,3090000,0
2011-02-11,4.35,4.4,4.35,4.35,1400000,0
2011-02-14,4.35,4.4,4.35,4.35,5490000,0
2011-02-15,4.35,4.4,4.35,4.35,3590000,0
2011-02-16,4.35,4.4,4.35,4.35,4860000,0
2011-02-17,4.35,4.4,4.3,4.35,8610000,0
2011-02-18,4.35,4.4,4.3,4.3,9400000,0
2011-02-21,4.3,4.35,4.3,4.3,5360000,0
2011-02-22,4.3,4.35,4.2,4.2,13070000,0
2011-02-23,4.2,4.25,4.15,4.15,2390000,0
2011-02-24,4.15,4.25,4.15,4.15,13260000,0
2011-02-25,4.15,4.2,4,4.1,12450000,0
2011-02-28,4.1,4.2,3.9,4,14930000,0
2011-03-01,4,4,3.6,3.7,894800,0
2011-03-02,3.7,4.05,3.7,3.75,16420000,0
2011-03-03,3.75,3.95,3.8,3.85,11010000,0
2011-03-04,3.85,4,3.85,3.9,19890000,0
2011-03-07,3.9,3.95,3.8,3.85,6960000,0
2011-03-08,3.85,3.9,3.85,3.85,4190000,0
2011-03-09,3.85,3.9,3.8,3.8,1250000,0
2011-03-10,3.8,3.85,3.6,3.75,9140000,0
2011-03-11,3.75,3.85,3.6,3.8,6400000,0
2011-03-14,3.8,4,3.85,3.95,19140000,0
2011-03-15,3.95,4.2,4,4.1,19740000,0
2011-03-16,4.1,4.25,4.15,4.15,8720000,0
2011-03-17,4.15,4.2,3.9,4.1,6870000,0
2011-03-18,4.1,4.15,3.95,4,11130000,0
2011-03-21,4,4.1,3.9,3.95,2320000,0
2011-03-22,3.95,4,3.8,3.9,1270000,0
2011-03-23,3.9,4,3.85,3.95,1370000,0
2011-03-24,3.95,4,3.9,3.95,3800000,0
2011-03-25,3.95,4,3.95,3.95,38080000,0
2011-03-28,3.95,4.05,3.95,3.95,8990000,0
2011-03-29,3.95,4,3.9,3.9,19090000,0
2011-03-30,3.9,3.95,3.8,3.85,21930000,0
2011-03-31,3.85,3.9,3.8,3.8,3560000,0
2011-04-01,3.8,3.95,3.8,3.85,19000000,0
2011-04-04,3.85,4.15,3.9,4,23350000,0
2011-04-05,4,4.15,4.05,4.1,34720000,0
2011-04-06,4.1,4.1,4.05,4.05,1620000,0
2011-04-07,4.05,4.2,4,4.1,21460000,0
2011-04-08,4.1,4.25,4.1,4.15,19610000,0
2011-04-11,4.15,4.25,4.1,4.15,26840000,0
2011-04-12,4.15,4.2,4,4.05,28520000,0
2011-04-13,4.05,4.15,4,4.05,18840000,0
2011-04-14,4.05,4.25,4.05,4.15,8630000,0
2011-04-15,4.15,4.25,4.15,4.2,11130000,0
2011-04-18,4.2,4.2,4.1,4.1,3410000,0
2011-04-19,4.1,4.2,4.05,4.15,25680000,0
2011-04-20,4.15,4.15,4,4.05,711600,0
2011-04-21,4.05,4.15,3.95,4,9600000,0
2011-04-21,4.05,4.15,3.95,4,9600000,0
2011-04-21,4.05,4.15,3.95,4,9600000,0
2011-04-26,4,4.05,3.85,3.95,11140000,0
2011-04-27,3.95,4,3.9,3.95,3020000,0
2011-04-28,3.95,4,3.85,3.95,1550000,0
2011-04-29,3.95,4.05,3.9,3.95,11930000,0
2011-04-29,3.95,4.05,3.9,3.95,11930000,0
2011-05-03,3.95,4.1,3.95,3.95,9130000,0
2011-05-04,3.95,4.05,3.95,3.95,22030000,0
2011-05-05,3.95,4.05,3.95,3.95,11620000,0
2011-05-06,3.95,4,3.95,3.95,1630000,0
2011-05-09,3.95,4,3.85,3.9,2570000,0
2011-05-10,3.9,4,3.85,3.95,3760000,0
2011-05-11,3.95,4,3.85,3.9,5890000,0
2011-05-12,3.9,3.9,3.85,3.85,18290000,0
2011-05-13,3.85,4,3.85,3.9,13160000,0
2011-05-16,3.9,4.05,3.9,4,13710000,0
2011-05-17,4,4.05,3.9,3.95,6990000,0
2011-05-18,3.95,4,3.9,3.9,502000,0
2011-05-19,3.9,4,3.9,3.9,1390000,0
2011-05-20,3.9,3.95,3.9,3.9,983500,0
2011-05-23,3.9,3.95,3.85,3.9,2310000,0
2011-05-24,3.9,3.95,3.85,3.9,24820000,0
2011-05-25,3.9,3.95,3.85,3.85,10910000,0
2011-05-26,3.85,3.95,3.85,3.85,3730000,0
2011-05-27,3.85,3.9,3.85,3.85,10150000,0
2011-05-30,3.85,3.95,3.85,3.85,3310000,0
2011-05-31,3.85,3.9,3.85,3.85,2390000,0
2011-05-31,3.85,3.9,3.85,3.85,2390000,0
2011-06-02,3.85,4,3.85,3.95,4220000,0
2011-06-03,3.95,4,3.9,3.9,12040000,0
2011-06-06,3.9,3.95,3.85,3.85,1070000,0
2011-06-07,3.85,3.95,3.85,3.9,2080000,0
2011-06-08,3.9,3.95,3.9,3.9,4250000,0
2011-06-09,3.9,4,3.9,3.9,10310000,0
2011-06-10,3.9,4,3.95,3.95,4210000,0
2011-06-13,3.95,4,3.9,3.9,6070000,0
2011-06-14,3.9,4,3.95,3.95,36840000,0
2011-06-15,3.95,4,3.9,3.95,14320000,0
2011-06-16,3.95,3.95,3.9,3.9,5060000,0
2011-06-17,3.9,4,3.9,3.9,5060000,0
2011-06-20,3.9,4,3.9,3.9,6030000,0
2011-06-21,3.9,4,3.95,3.95,5340000,0
2011-06-22,3.95,4,3.85,3.9,1650000,0
2011-06-23,3.9,4,3.9,3.95,1950000,0
2011-06-24,3.95,4,3.9,3.95,1500000,0
2011-06-27,3.95,4,3.9,3.9,1090000,0
2011-06-28,3.9,4,3.9,3.9,6170000,0
2011-06-29,3.9,4,3.85,3.9,16880000,0
2011-06-30,3.9,4,3.9,3.95,8700000,0
2011-07-01,3.95,3.95,3.9,3.9,569100,0
2011-07-04,3.9,3.95,3.85,3.9,15360000,0
2011-07-05,3.9,3.95,3.85,3.9,5200000,0
2011-07-06,3.9,3.95,3.85,3.9,1020000,0
2011-07-07,3.9,4,3.85,3.9,25780000,0
2011-07-07,3.9,4,3.85,3.9,25780000,0
2011-07-11,3.9,3.95,3.8,3.85,1430000,0
2011-07-12,3.85,3.9,3.5,3.75,1700000,0
2011-07-13,3.75,3.85,3.5,3.55,980200,0
2011-07-14,3.55,3.5,3.45,3.45,6360000,0
2011-07-15,3.45,3.75,3.5,3.65,40480000,0
2011-07-18,3.65,3.75,3.55,3.7,17550000,0
2011-07-19,3.7,3.75,3.5,3.55,737200,0
2011-07-20,3.55,3.6,3.5,3.55,952900,0
2011-07-21,3.55,3.7,3.5,3.55,30260000,0
2011-07-22,3.55,3.75,3.55,3.65,22730000,0
2011-07-25,3.65,3.75,3.6,3.65,10130000,0
2011-07-26,3.65,3.7,3.6,3.6,7570000,0
2011-07-27,3.6,3.75,3.55,3.65,2800000,0
2011-07-28,3.65,3.7,3.55,3.6,1520000,0
2011-07-29,3.6,3.65,3.55,3.55,1850000,0
2011-08-01,3.55,3.6,3.5,3.5,985500,0
2011-08-02,3.5,3.7,3.55,3.65,12040000,0
2011-08-03,3.65,3.75,3.65,3.7,57380000,0
2011-08-04,3.7,3.75,3.65,3.7,46410000,0
2011-08-05,3.7,3.7,3.5,3.55,5450000,0
2011-08-08,3.55,3.6,3.3,3.4,11480000,0
2011-08-09,3.4,3.45,3.2,3.25,1020000,0
2011-08-10,3.25,3.4,3.15,3.3,10490000,0
2011-08-11,3.3,3.4,3.3,3.35,6070000,0
2011-08-12,3.35,3.4,3.35,3.35,1120000,0
2011-08-15,3.35,3.4,3.3,3.35,21130000,0
2011-08-16,3.35,3.4,3.35,3.35,33830000,0
2011-08-17,3.35,3.4,3.3,3.35,17310000,0
2011-08-18,3.35,3.35,3.25,3.3,18110000,0
2011-08-19,3.3,3.3,3.2,3.25,7880000,0
2011-08-22,3.25,3.3,3.1,3.15,740000,0
2011-08-23,3.15,3.2,3.05,3.1,41010000,0
2011-08-24,3.1,3.15,3.1,3.1,1700000,0
2011-08-25,3.1,3.15,3.05,3.05,2670000,0
2011-08-26,3.05,3.1,3,3.05,2440000,0
2011-08-29,3.05,3.1,3,3.05,34660000,0
2011-08-30,3.05,3.05,3,3,4050000,0
2011-08-30,3.05,3.05,3,3,4050000,0
2011-09-01,3,3.05,2.95,3,23600000,0
2011-09-02,3,3,2.95,2.95,38340000,0
2011-09-05,2.95,3,2.95,2.95,779000,0
2011-09-06,2.95,3.1,2.9,2.95,121850000,0
2011-09-07,2.95,3.2,3,3.1,23330000,0
2011-09-08,3.1,3.25,3,3.15,1070000,0
2011-09-09,3.15,3.1,2.95,3,40750000,0
2011-09-12,3,3.15,3,3,1800000,0
2011-09-13,3,3.2,3,3.1,36320000,0
2011-09-14,3.1,3.2,3.05,3.1,15170000,0
2011-09-15,3.1,3.2,3.1,3.1,6910000,0
2011-09-16,3.1,3.2,3.1,3.1,6580000,0
2011-09-19,3.1,3.25,3.15,3.15,7240000,0
2011-09-20,3.15,3.25,3.15,3.2,3570000,0
2011-09-21,3.2,3.3,3.2,3.2,8240000,0
2011-09-22,3.2,3.3,3.2,3.25,5610000,0
2011-09-23,3.25,3.3,3.2,3.25,1010000,0
2011-09-26,3.25,3.3,3.15,3.2,6970000,0
2011-09-27,3.2,3.2,3.1,3.15,11630000,0
2011-09-28,3.15,3.2,3,3.1,5440000,0
2011-09-29,3.1,3.15,3,3,15730000,0
2011-09-30,3,3.15,2.95,2.95,7200000,0
2011-10-03,2.95,3.05,2.95,3,2980000,0
2011-10-04,3,3.1,3,3,29510000,0
2011-10-05,3,3.05,2.95,2.95,7140000,0
2011-10-06,2.95,3.1,3,3.05,2770000,0
2011-10-07,3.05,3.1,3.05,3.05,284900,0
2011-10-10,3.05,3.1,3.05,3.05,2860000,0
2011-10-11,3.05,3.2,3.1,3.1,3680000,0
2011-10-12,3.1,3.2,3.05,3.05,3220000,0
2011-10-13,3.05,3.1,3.05,3.05,2120000,0
2011-10-14,3.05,3.1,3.05,3.05,2670000,0
2011-10-17,3.05,3.1,3.05,3.05,291100,0
2011-10-18,3.05,3.15,3.05,3.1,1600000,0
2011-10-19,3.1,3.15,3.05,3.05,70760000,0
2011-10-19,3.1,3.15,3.05,3.05,70760000,0
2011-10-21,3.05,3.1,3,3.05,80020000,0
2011-10-24,3.05,3.1,3,3,29040000,0
2011-10-25,3,3.1,3,3.05,26790000,0
2011-10-26,3.05,3.1,3,3.05,2110000,0
2011-10-27,3.05,3.1,3,3.05,63830000,0
2011-10-28,3.05,3.05,2.95,3,34600000,0
2011-10-31,3,3.05,3,3,30030000,0
2011-11-01,3,3.05,2.95,3,22710000,0
2011-11-02,3,3.05,2.9,2.9,8480000,0
2011-11-03,2.9,3.05,2.95,3,41900000,0
2011-11-04,3,3.05,2.95,2.95,3610000,0
2011-11-07,2.95,3.05,2.95,3,24590000,0
2011-11-07,2.95,3.05,2.95,3,24590000,0
2011-11-09,3,3.05,2.95,2.95,2880000,0
2011-11-10,2.95,3,2.7,2.9,8980000,0
2011-11-11,2.9,2.95,2.9,2.9,24780000,0
2011-11-14,2.9,3,2.9,2.9,7670000,0
2011-11-15,2.9,2.95,2.9,2.9,32920000,0
2011-11-16,2.9,2.95,2.85,2.9,667700,0
2011-11-17,2.9,3,2.9,2.9,16860000,0
2011-11-18,2.9,2.95,2.8,2.85,1160000,0
2011-11-21,2.85,2.95,2.8,2.85,1070000,0
2011-11-22,2.85,3,2.9,2.9,1360000,0
2011-11-23,2.9,2.95,2.8,2.85,4170000,0
2011-11-24,2.85,2.95,2.85,2.85,7570000,0
2011-11-25,2.85,2.9,2.8,2.8,179300,0
2011-11-28,2.8,2.85,2.8,2.8,590800,0
2011-11-29,2.8,2.85,2.75,2.8,3050000,0
2011-11-30,2.8,2.9,2.8,2.8,27430000,0
2011-12-01,2.8,2.9,2.8,2.8,638800,0
2011-12-02,2.8,2.9,2.8,2.8,34960000,0
2011-12-05,2.8,2.9,2.8,2.85,9260000,0
2011-12-06,2.85,2.9,2.75,2.8,7390000,0
2011-12-07,2.8,2.85,2.75,2.8,29810000,0
2011-12-08,2.8,2.85,2.7,2.75,3240000,0
2011-12-09,2.75,2.8,2.75,2.75,392200,0
2011-12-09,2.75,2.8,2.75,2.75,392200,0
2011-12-13,2.75,2.85,2.75,2.75,8180000,0
2011-12-14,2.75,3,2.75,2.8,13720000,0
2011-12-15,2.8,2.85,2.75,2.75,12720000,0
2011-12-16,2.75,2.9,2.75,2.8,10360000,0
2011-12-19,2.8,2.9,2.8,2.8,1860000,0
2011-12-20,2.8,2.9,2.8,2.8,4060000,0
2011-12-21,2.8,3.05,2.85,2.9,7510000,0
2011-12-22,2.9,3.05,2.95,2.95,9170000,0
2011-12-23,2.95,3.05,3,3,1810000,0
2011-12-23,2.95,3.05,3,3,1810000,0
2011-12-27,3,3.1,2.95,3.05,163500,0
2011-12-28,3.05,3.1,2.95,3.05,1170000,0
2011-12-29,3.05,3.1,2.95,3,4380000,0
2011-12-30,3,3.05,2.9,2.95,1590000,0
2011-12-30,3,3.05,2.9,2.95,1590000,0
2012-01-03,2.95,3,2.9,2.95,7410000,0
2012-01-04,2.95,3,2.95,2.95,2320000,0
2012-01-05,2.95,3,2.95,2.95,8210000,0
2012-01-06,2.95,3.1,2.95,3,5120000,0
2012-01-09,3,3.15,3,3.05,1200000,0
2012-01-10,3.05,3.2,3.05,3.1,6560000,0
2012-01-11,3.1,3.2,3.05,3.15,5120000,0
2012-01-12,3.15,3.25,3.1,3.15,13350000,0
2012-01-13,3.15,3.25,3.15,3.15,29210000,0
2012-01-16,3.15,3.25,3.1,3.2,932400,0
2012-01-17,3.2,3.3,3.2,3.25,3820000,0
2012-01-18,3.25,3.35,3.2,3.25,4960000,0
2012-01-19,3.25,3.35,3.25,3.3,2100000,0
2012-01-20,3.3,3.4,3.25,3.3,27910000,0
2012-01-23,3.3,3.35,3.25,3.25,19610000,0
2012-01-24,3.25,3.3,3.2,3.2,24740000,0
2012-01-25,3.2,3.3,3.1,3.1,419100,0
2012-01-26,3.1,3.25,3.1,3.15,5860000,0
2012-01-27,3.15,3.35,3.1,3.25,25610000,0
2012-01-30,3.25,3.35,3.2,3.2,936200,0
2012-01-31,3.2,3.25,3.15,3.2,5670000,0
2012-02-01,3.2,3.3,3.15,3.2,4160000,0
2012-02-02,3.2,3.25,3.2,3.2,1850000,0
2012-02-03,3.2,3.3,3.2,3.2,797600,0
2012-02-06,3.2,3.25,3.15,3.2,25070000,0
2012-02-07,3.2,3.25,3.15,3.2,1470000,0
2012-02-08,3.2,3.3,3.2,3.2,37090000,0
2012-02-09,3.2,3.3,3.2,3.2,36770000,0
2012-02-10,3.2,3.25,3.2,3.2,644400,0
2012-02-13,3.2,3.25,3.2,3.2,7390000,0
2012-02-14,3.2,3.3,3.2,3.2,3810000,0
2012-02-15,3.2,3.35,3.2,3.3,37120000,0
2012-02-16,3.3,3.4,3.3,3.3,20920000,0
2012-02-17,3.3,3.35,3.25,3.3,7230000,0
2012-02-20,3.3,3.3,3.2,3.2,2970000,0
2012-02-21,3.2,3.3,3.15,3.2,439200,0
2012-02-22,3.2,3.25,3.15,3.15,9820000,0
2012-02-23,3.15,3.2,3.15,3.15,5710000,0
2012-02-24,3.15,3.2,3.05,3.1,401700,0
2012-02-27,3.1,3.1,2.95,3,4710000,0
2012-02-28,3,3.15,3,3.05,774000,0
2012-02-29,3.05,3.15,3,3.05,5240000,0
2012-03-01,3.05,3.15,3.1,3.1,4170000,0
2012-03-02,3.1,3.15,3,3.05,875600,0
2012-03-05,3.05,3.35,3.1,3.2,4330000,0
2012-03-06,3.2,3.45,3.2,3.3,860800,0
2012-03-07,3.3,3.4,3.25,3.3,8590000,0
2012-03-08,3.3,3.35,3.1,3.25,3410000,0
2012-03-09,3.25,3.25,3.1,3.15,326900,0
2012-03-12,3.15,3.25,3.1,3.1,3020000,0
2012-03-13,3.1,3.2,3.1,3.1,2010000,0
2012-03-14,3.1,3.15,3.1,3.1,11590000,0
2012-03-15,3.1,3.15,3.1,3.1,1170000,0
2012-03-16,3.1,3.15,3.1,3.1,3870000,0
2012-03-19,3.1,3.2,3.1,3.1,548600,0
2012-03-20,3.1,3.15,3.1,3.1,517200,0
2012-03-21,3.1,3.2,3.1,3.1,801000,0
2012-03-22,3.1,3.3,3.1,3.15,10200000,0
2012-03-23,3.15,3.3,3.15,3.2,6020000,0
2012-03-26,3.2,3.25,3.15,3.15,2720000,0
2012-03-27,3.15,3.3,3.2,3.2,5470000,0
2012-03-28,3.2,3.25,3.2,3.2,9170000,0
2012-03-29,3.2,3.25,3.2,3.2,1050000,0
2012-03-30,3.2,3.25,3.2,3.2,28310000,0
2012-04-02,3.2,3.2,3.05,3.1,12750000,0
2012-04-03,3.1,3.2,3.15,3.15,2500000,0
2012-04-04,3.15,3.3,3.2,3.2,33400000,0
2012-04-05,3.2,3.3,3.2,3.2,2660000,0
2012-04-05,3.2,3.3,3.2,3.2,2660000,0
2012-04-05,3.2,3.3,3.2,3.2,2660000,0
2012-04-10,3.2,3.25,3.15,3.15,60820000,0
2012-04-11,3.15,3.2,3.05,3.1,1680000,0
2012-04-12,3.1,3.2,3.1,3.1,748100,0
2012-04-13,3.1,3.25,3.15,3.15,14350000,0
2012-04-16,3.15,3.25,3.1,3.15,3260000,0
2012-04-17,3.15,3.25,3.1,3.15,9210000,0
2012-04-18,3.15,3.4,3.2,3.25,34220000,0
2012-04-19,3.25,3.4,3.25,3.3,5910000,0
2012-04-20,3.3,3.4,3.2,3.3,5120000,0
2012-04-23,3.3,3.45,3.2,3.3,19070000,0
2012-04-23,3.3,3.45,3.2,3.3,19070000,0
2012-04-25,3.3,3.5,3.3,3.35,12240000,0
2012-04-26,3.35,3.4,3.25,3.3,8830000,0
2012-04-27,3.3,3.4,3.15,3.25,3600000,0
2012-04-30,3.25,3.4,3.3,3.3,1110000,0
2012-04-30,3.25,3.4,3.3,3.3,1110000,0
2012-05-02,3.3,3.4,3.3,3.35,2250000,0
2012-05-03,3.35,3.45,3.35,3.35,24200000,0
2012-05-04,3.35,3.5,3.3,3.4,11540000,0
2012-05-07,3.4,3.5,3.45,3.45,11020000,0
2012-05-08,3.45,3.5,3.15,3.35,2020000,0
2012-05-09,3.35,3.45,3.3,3.35,5500000,0
2012-05-10,3.35,3.5,3.35,3.45,14060000,0
2012-05-11,3.45,3.5,3.35,3.35,4040000,0
2012-05-14,3.35,3.55,3.4,3.45,1330000,0
2012-05-15,3.45,3.6,3.4,3.45,13310000,0
2012-05-16,3.45,3.6,3.45,3.45,12220000,0
2012-05-17,3.45,3.6,3.5,3.5,1120000,0
2012-05-18,3.5,3.6,3.5,3.5,1510000,0
2012-05-21,3.5,3.65,3.5,3.5,6430000,0
2012-05-22,3.5,3.55,3.45,3.45,10210000,0
2012-05-23,3.45,3.5,3.3,3.4,13430000,0
2012-05-24,3.4,3.4,3.2,3.35,1210000,0
2012-05-25,3.35,3.3,3.2,3.2,41670000,0
2012-05-28,3.2,3.3,3.2,3.2,927000,0
2012-05-29,3.2,3.3,3.25,3.25,2880000,0
2012-05-30,3.25,3.35,3.25,3.25,11460000,0
2012-05-31,3.25,3.3,3.2,3.25,63020000,0
2012-05-31,3.25,3.3,3.2,3.25,63020000,0
2012-06-04,3.25,3.35,3.25,3.25,12830000,0
2012-06-05,3.25,3.4,3.25,3.35,2960000,0
2012-06-06,3.35,3.45,3.3,3.35,8460000,0
2012-06-07,3.35,3.45,3.3,3.35,3900000,0
2012-06-08,3.35,3.5,3.3,3.4,9320000,0
2012-06-11,3.4,3.45,3.35,3.4,3240000,0
2012-06-12,3.4,3.5,3.4,3.4,6090000,0
2012-06-13,3.4,3.45,3.35,3.4,7290000,0
2012-06-14,3.4,3.45,3.35,3.4,31810000,0
2012-06-15,3.4,3.5,3.4,3.4,7570000,0
2012-06-18,3.4,3.45,3.4,3.4,1820000,0
2012-06-19,3.4,3.5,3.4,3.45,17700000,0
2012-06-20,3.45,3.55,3.45,3.5,6220000,0
2012-06-21,3.5,3.55,3.5,3.5,3430000,0
2012-06-22,3.5,3.55,3.5,3.5,6430000,0
2012-06-25,3.5,3.55,3.5,3.5,4820000,0
2012-06-26,3.5,3.55,3.45,3.5,14210000,0
2012-06-27,3.5,3.5,3.4,3.45,14950000,0
2012-06-28,3.45,3.45,3.35,3.4,3040000,0
2012-06-29,3.4,3.55,3.4,3.45,4160000,0
2012-07-02,3.45,3.65,3.5,3.55,7460000,0
2012-07-03,3.55,3.7,3.6,3.65,12160000,0
2012-07-04,3.65,3.7,3.5,3.55,945900,0
2012-07-05,3.55,3.6,3.45,3.5,1500000,0
2012-07-06,3.5,3.6,3.55,3.55,910300,0
2012-07-09,3.55,3.6,3.55,3.55,1250000,0
2012-07-10,3.55,3.6,3.55,3.55,6930000,0
2012-07-11,3.55,3.6,3.55,3.55,6160000,0
2012-07-12,3.55,3.65,3.55,3.55,6850000,0
2012-07-13,3.55,3.65,3.55,3.55,1490000,0
2012-07-16,3.55,3.7,3.55,3.6,9180000,0
2012-07-17,3.6,3.75,3.6,3.65,2050000,0
2012-07-18,3.65,3.8,3.65,3.75,2800000,0
2012-07-19,3.75,3.9,3.75,3.8,16540000,0
2012-07-20,3.8,3.95,3.85,3.9,2550000,0
2012-07-23,3.9,4,3.85,3.9,1620000,0
2012-07-24,3.9,3.95,3.85,3.85,1450000,0
2012-07-25,3.85,4,3.9,3.95,27710000,0
2012-07-26,3.95,4,3.9,3.9,21480000,0
2012-07-27,3.9,3.95,3.8,3.85,14640000,0
2012-07-30,3.85,3.9,3.7,3.8,11910000,0
2012-07-31,3.8,3.9,3.8,3.8,2060000,0
2012-08-01,3.8,3.85,3.8,3.8,1500000,0
2012-08-02,3.8,3.95,3.8,3.85,5910000,0
2012-08-03,3.85,3.95,3.9,3.9,19480000,0
2012-08-06,3.9,3.95,3.8,3.85,1270000,0
2012-08-07,3.85,3.95,3.85,3.85,3610000,0
2012-08-08,3.85,3.9,3.8,3.8,2410000,0
2012-08-09,3.8,3.95,3.8,3.9,36750000,0
2012-08-10,3.9,3.9,3.7,3.8,10920000,0
2012-08-13,3.8,3.9,3.7,3.75,1030000,0
2012-08-14,3.75,3.85,3.7,3.75,426100,0
2012-08-15,3.75,3.85,3.7,3.75,1300000,0
2012-08-16,3.75,3.85,3.75,3.75,791600,0
2012-08-17,3.75,3.9,3.75,3.75,1260000,0
2012-08-17,3.75,3.9,3.75,3.75,1260000,0
2012-08-21,3.75,3.85,3.75,3.75,571500,0
2012-08-22,3.75,3.95,3.75,3.85,2930000,0
2012-08-23,3.85,3.95,3.9,3.9,2490000,0
2012-08-24,3.9,3.95,3.9,3.9,440400,0
2012-08-27,3.9,3.95,3.85,3.9,1000000,0
2012-08-28,3.9,3.95,3.7,3.85,8100000,0
2012-08-29,3.85,3.9,3.7,3.8,611700,0
2012-08-30,3.8,3.9,3.75,3.8,774300,0
2012-08-31,3.8,3.9,3.75,3.8,4500000,0
2012-09-03,3.8,3.95,3.85,3.85,791700,0
2012-09-04,3.85,4,3.85,3.9,12050000,0
2012-09-05,3.9,4.1,3.95,3.95,3400000,0
2012-09-06,3.95,4.05,3.95,3.95,1650000,0
2012-09-07,3.95,4.05,4,4,1110000,0
2012-09-10,4,4.2,4,4.05,2050000,0
2012-09-11,4.05,4.3,4.15,4.25,13650000,0
2012-09-12,4.25,4.3,4.2,4.25,28040000,0
2012-09-13,4.25,4.25,4,4.15,30440000,0
2012-09-14,4.15,4.1,3.65,3.95,5600000,0
2012-09-17,3.95,4.1,4,4,8500000,0
2012-09-18,4,4.05,4,4,10470000,0
2012-09-19,4,4.1,4,4,5750000,0
2012-09-20,4,4.05,4,4,3760000,0
2012-09-21,4,4.05,4,4,1080000,0
2012-09-24,4,4.05,4,4,1220000,0
2012-09-25,4,4.05,4,4,11890000,0
2012-09-26,4,4.05,4,4,5830000,0
2012-09-27,4,4.1,4,4,7480000,0
2012-09-28,4,4.1,4.05,4.05,9570000,0
2012-10-01,4.05,4.1,4.05,4.05,3050000,0
2012-10-02,4.05,4.15,4.05,4.05,10390000,0
2012-10-03,4.05,4.1,3.9,4.05,9190000,0
2012-10-04,4.05,4.05,4,4,1650000,0
2012-10-05,4,4.1,4,4,7620000,0
2012-10-08,4,4.05,4,4,582900,0
2012-10-09,4,4.1,4,4,2680000,0
2012-10-10,4,4.15,4.05,4.05,11680000,0
2012-10-11,4.05,4.15,4.05,4.05,7940000,0
2012-10-12,4.05,4.15,4.05,4.05,1780000,0
2012-10-15,4.05,4.15,4.1,4.1,1300000,0
2012-10-16,4.1,4.15,4.1,4.1,3000000,0
2012-10-17,4.1,4.15,4.1,4.1,4690000,0
2012-10-18,4.1,4.2,4.1,4.15,8490000,0
2012-10-19,4.15,4.25,4.15,4.2,803000,0
2012-10-22,4.2,4.5,4.2,4.25,1890000,0
2012-10-23,4.25,4.3,4.25,4.25,474000,0
2012-10-24,4.25,4.4,4.25,4.25,1870000,0
2012-10-25,4.25,4.45,4.3,4.35,4330000,0
2012-10-26,4.35,4.5,4.4,4.4,1440000,0
2012-10-29,4.4,4.5,4.4,4.4,831400,0
2012-10-30,4.4,4.45,4.4,4.4,9070000,0
2012-10-31,4.4,4.45,4.4,4.4,1500000,0
2012-11-01,4.4,4.4,4.25,4.35,14610000,0
2012-11-02,4.35,4.4,4.25,4.3,2910000,0
2012-11-05,4.3,4.4,4.25,4.35,1530000,0
2012-11-06,4.35,4.45,4.25,4.35,1410000,0
2012-11-07,4.35,4.45,4.35,4.4,39140000,0
2012-11-08,4.4,4.55,4.45,4.45,2490000,0
2012-11-09,4.45,4.95,4.55,4.8,7980000,0
2012-11-12,4.8,4.85,4.8,4.8,21650000,0
2012-11-13,4.8,4.8,4.55,4.65,7260000,0
2012-11-14,4.65,4.65,4.5,4.55,12290000,0
2012-11-15,4.55,4.75,4.5,4.6,18080000,0
2012-11-16,4.6,4.8,4.65,4.65,31150000,0
2012-11-19,4.65,4.7,4.55,4.6,27030000,0
2012-11-20,4.6,4.85,4.6,4.75,33650000,0
2012-11-21,4.75,5,4.75,4.85,14330000,0
2012-11-22,4.85,5.05,4.7,4.95,13200000,0
2012-11-23,4.95,5.05,4.85,4.95,85730000,0
2012-11-26,4.95,5.3,5,5.2,33840000,0
2012-11-27,5.2,5.1,4.85,4.95,76770000,0
2012-11-28,4.95,5,4.85,4.9,11740000,0
2012-11-29,4.9,4.95,4.6,4.9,22670000,0
2012-11-30,4.9,5.05,4.7,4.95,21120000,0
2012-12-03,4.95,5.1,4.9,5.05,17560000,0
2012-12-04,5.05,5.1,5,5.05,40440000,0
2012-12-05,5.05,5.1,5,5,10120000,0
2012-12-06,5,5.05,5,5,18370000,0
2012-12-07,5,5.1,5,5.05,25400000,0
2012-12-10,5.05,5.1,5,5,9540000,0
2012-12-11,5,5.1,5,5,54090000,0
2012-12-11,5,5.1,5,5,54090000,0
2012-12-13,5,5.1,5,5.05,38410000,0
2012-12-14,5.05,5.1,5,5.05,5060000,0
2012-12-17,5.05,5.1,5,5,6410000,0
2012-12-18,5,5.1,5,5.05,15770000,0
2012-12-19,5.05,5.1,5,5,13170000,0
2012-12-20,5,5.1,5.05,5.05,13610000,0
2012-12-21,5.05,5.1,5.05,5.05,8070000,0
2012-12-24,5.05,5.1,5.05,5.05,12450000,0
2012-12-24,5.05,5.1,5.05,5.05,12450000,0
2012-12-24,5.05,5.1,5.05,5.05,12450000,0
2012-12-27,5.05,5.15,5.05,5.05,7630000,0
2012-12-28,5.05,5.15,5.05,5.05,595300,0
2012-12-31,5.05,5.1,5,5,1760000,0
2012-12-31,5.05,5.1,5,5,1760000,0
2013-01-02,5,5.15,5,5.1,3320000,0
2013-01-03,5.1,5.25,5.1,5.15,7250000,0
2013-01-04,5.15,5.35,5.15,5.25,4130000,0
2013-01-07,5.25,5.45,5.2,5.35,4100000,0
2013-01-08,5.35,5.85,5.4,5.6,11000000,0
2013-01-09,5.6,6,5.5,5.8,13690000,0
2013-01-10,5.8,5.8,5.55,5.6,6690000,0
2013-01-11,5.6,5.7,5.6,5.6,4440000,0
2013-01-14,5.6,5.7,5.6,5.6,10960000,0
2013-01-15,5.6,5.8,5.55,5.65,11690000,0
2013-01-16,5.65,5.85,5.65,5.75,9130000,0
2013-01-17,5.75,5.8,5.7,5.75,15910000,0
2013-01-18,5.75,5.8,5.75,5.75,13300000,0
2013-01-21,5.75,5.8,5.5,5.75,44020000,0
2013-01-22,5.75,5.75,5.55,5.65,11700000,0
2013-01-23,5.65,5.75,5.5,5.6,15440000,0
2013-01-24,5.6,5.7,5.5,5.6,10710000,0
2013-01-25,5.6,5.65,5.35,5.55,8850000,0
2013-01-28,5.55,5.6,5.25,5.4,25310000,0
2013-01-29,5.4,5.4,5.2,5.3,10540000,0
2013-01-30,5.3,5.5,5.25,5.3,18410000,0
2013-01-31,5.3,5.5,5.3,5.45,3670000,0
2013-02-01,5.45,5.55,5.4,5.5,110830000,0
2013-02-04,5.5,5.55,5.35,5.45,2870000,0
2013-02-05,5.45,5.6,5.35,5.4,28080000,0
2013-02-06,5.4,5.5,5.4,5.4,3450000,0
2013-02-07,5.4,5.5,5.4,5.4,36270000,0
2013-02-08,5.4,5.6,5.5,5.55,18080000,0
2013-02-11,5.55,5.7,5.55,5.65,9360000,0
2013-02-12,5.65,5.75,5.65,5.65,25570000,0
2013-02-13,5.65,5.75,5.55,5.7,20900000,0
2013-02-14,5.7,5.65,5.55,5.6,4860000,0
2013-02-15,5.6,5.65,5.55,5.55,1750000,0
2013-02-18,5.55,5.75,5.55,5.55,14740000,0
2013-02-19,5.55,5.7,5.6,5.65,7960000,0
2013-02-20,5.65,5.8,5.65,5.7,62300000,0
2013-02-21,5.7,5.75,5.65,5.7,15090000,0
2013-02-22,5.7,5.75,5.65,5.65,8580000,0
2013-02-25,5.65,5.7,5.65,5.65,1230000,0
2013-02-26,5.65,5.75,5.65,5.65,3610000,0
2013-02-27,5.65,5.8,5.7,5.7,8030000,0
2013-02-28,5.7,5.8,5.75,5.75,4400000,0
2013-03-01,5.75,5.9,5.75,5.8,6740000,0
2013-03-01,5.75,5.9,5.75,5.8,6740000,0
2013-03-05,5.8,6,5.85,5.95,13260000,0
2013-03-06,5.95,6,5.9,5.9,24040000,0
2013-03-07,5.9,6,5.8,5.95,23030000,0
2013-03-08,5.95,6.1,5.9,5.95,2750000,0
2013-03-11,5.95,6.5,6,6.15,10040000,0
2013-03-12,6.15,6.35,6.15,6.25,24590000,0
2013-03-13,6.25,6.35,6.25,6.25,11530000,0
2013-03-14,6.25,6.4,6.25,6.3,28090000,0
2013-03-15,6.3,6.35,5.9,6.1,3010000,0
2013-03-18,6.1,6.1,5.8,5.95,18570000,0
2013-03-19,5.95,6,5.9,5.95,6550000,0
2013-03-20,5.95,6,5.85,5.95,10670000,0
2013-03-21,5.95,6,5.8,5.8,2950000,0
2013-03-22,5.8,5.9,5.8,5.8,3060000,0
2013-03-25,5.8,5.95,5.75,5.8,17120000,0
2013-03-26,5.8,5.85,5.6,5.8,1710000,0
2013-03-27,5.8,6,5.8,5.95,9060000,0
2013-03-28,5.95,6.2,5.95,6,6930000,0
2013-03-28,5.95,6.2,5.95,6,6930000,0
2013-03-28,5.95,6.2,5.95,6,6930000,0
2013-04-02,6,6.5,6,6,54840000,0
2013-04-03,6,6.25,6.05,6.15,2480000,0
2013-04-04,6.15,6.4,6.15,6.25,11260000,0
2013-04-05,6.25,6.4,6.25,6.3,8920000,0
2013-04-08,6.3,6.4,6.3,6.35,2150000,0
2013-04-08,6.3,6.4,6.3,6.35,2150000,0
2013-04-10,6.35,6.6,6.35,6.4,30860000,0
2013-04-11,6.4,6.6,6.5,6.5,9590000,0
2013-04-12,6.5,6.55,6.3,6.5,11990000,0
2013-04-15,6.5,6.5,6.35,6.4,5660000,0
2013-04-16,6.4,6.5,6.3,6.4,13530000,0
2013-04-17,6.4,6.6,6.45,6.45,35560000,0
2013-04-18,6.45,6.65,6.55,6.55,34860000,0
2013-04-19,6.55,6.65,6.55,6.6,16000000,0
2013-04-22,6.6,6.65,6.55,6.6,15180000,0
2013-04-23,6.6,6.7,6.6,6.6,13180000,0
2013-04-24,6.6,6.7,6.6,6.6,14370000,0
2013-04-25,6.6,6.7,6.6,6.6,6620000,0
2013-04-26,6.6,6.7,6.6,6.65,8190000,0
2013-04-29,6.65,6.75,6.65,6.7,4580000,0
2013-04-30,6.7,6.95,6.7,6.8,11280000,0
2013-04-30,6.7,6.95,6.7,6.8,11280000,0
2013-05-02,6.8,7.1,6.85,7,22630000,0
2013-05-03,7,7.2,7,7.05,30740000,0
2013-05-06,7.05,7.15,7.05,7.05,32800000,0
2013-05-07,7.05,7.2,7.1,7.1,21730000,0
2013-05-08,7.1,7.4,7.15,7.2,30000000,0
2013-05-09,7.2,7.25,7.1,7.15,30260000,0
2013-05-10,7.15,7.15,6.8,6.95,2130000,0
2013-05-13,6.95,7,6.8,6.9,4880000,0
2013-05-14,6.9,7.2,6.95,7.1,10310000,0
2013-05-15,7.1,7.55,7.15,7.35,60050000,0
2013-05-16,7.35,7.3,7.2,7.25,8850000,0
2013-05-17,7.25,7.25,7.1,7.15,6270000,0
2013-05-20,7.15,7.15,7,7,1830000,0
2013-05-21,7,7.2,7,7.05,14330000,0
2013-05-22,7.05,7.2,7.05,7.1,23900000,0
2013-05-23,7.1,7.1,7,7.05,10230000,0
2013-05-24,7.05,7.1,6.9,7,5190000,0
2013-05-27,7,7.05,6.65,6.95,4150000,0
2013-05-28,6.95,7.15,7,7.05,5790000,0
2013-05-29,7.05,7.25,7.05,7.15,9110000,0
2013-05-30,7.15,7.3,7.15,7.25,17700000,0
2013-05-31,7.25,7.3,7.2,7.25,33110000,0
2013-06-03,7.25,7.25,7.15,7.15,34150000,0
2013-06-04,7.15,7.2,7.05,7.1,70200000,0
2013-06-05,7.1,7.2,7.05,7.1,72390000,0
2013-06-06,7.1,7.25,7.1,7.15,8190000,0
2013-06-07,7.15,7.25,7.2,7.2,4140000,0
2013-06-10,7.2,7.35,7.2,7.25,5530000,0
2013-06-11,7.25,7.45,7.25,7.35,16510000,0
2013-06-12,7.35,7.45,7.3,7.35,7460000,0
2013-06-13,7.35,7.4,7.2,7.3,26270000,0
2013-06-14,7.3,7.2,6.6,7,12910000,0
2013-06-17,7,7,6.5,6.7,24970000,0
2013-06-18,6.7,7,6.8,6.9,2250000,0
2013-06-19,6.9,7,6.9,6.9,58650000,0
2013-06-20,6.9,6.95,6.7,6.9,55240000,0
2013-06-21,6.9,6.85,6.7,6.75,19160000,0
2013-06-24,6.75,6.75,6.65,6.7,2140000,0
2013-06-25,6.7,6.8,6.65,6.7,16330000,0
2013-06-26,6.7,6.75,6.6,6.65,3010000,0
2013-06-27,6.65,6.65,6.45,6.5,28680000,0
2013-06-28,6.5,6.65,6.45,6.55,3530000,0
2013-07-01,6.55,6.6,6.35,6.4,8280000,0
2013-07-02,6.4,6.5,6.15,6.4,26430000,0
2013-07-03,6.4,6.5,6.25,6.3,23660000,0
2013-07-04,6.3,6.6,6.3,6.45,7170000,0
2013-07-05,6.45,6.85,6.45,6.75,14030000,0
2013-07-08,6.75,6.8,6.55,6.7,33750000,0
2013-07-09,6.7,6.75,6.6,6.65,7490000,0
2013-07-10,6.65,6.85,6.65,6.75,20350000,0
2013-07-10,6.65,6.85,6.65,6.75,20350000,0
2013-07-11,6.75,7,6.75,6.9,1570000,0
2013-07-11,6.75,7,6.75,6.9,1570000,0
2013-07-11,6.75,7,6.75,6.9,1570000,0
2013-07-12,6.9,7.15,6.9,7.05,37890000,0
2013-07-12,6.9,7.15,6.9,7.05,37890000,0
2013-07-12,6.9,7.15,6.9,7.05,37890000,0
2013-07-15,7.05,7.5,7.1,7.3,13520000,0
2013-07-15,7.05,7.5,7.1,7.3,13520000,0
2013-07-15,7.05,7.5,7.1,7.3,13520000,0
2013-07-16,7.3,7.5,7.3,7.4,7010000,0
2013-07-16,7.3,7.5,7.3,7.4,7010000,0
2013-07-16,7.3,7.5,7.3,7.4,7010000,0
2013-07-17,7.4,7.55,7.2,7.35,38640000,0
2013-07-17,7.4,7.55,7.2,7.35,38640000,0
2013-07-18,7.35,7.45,7.2,7.3,15680000,0
2013-07-18,7.35,7.45,7.2,7.3,15680000,0
2013-07-18,7.35,7.45,7.2,7.3,15680000,0
2013-07-19,7.3,7.35,7.2,7.25,4640000,0
2013-07-19,7.3,7.35,7.2,7.25,4640000,0
2013-07-19,7.3,7.35,7.2,7.25,4640000,0
2013-07-22,7.25,7.3,7,7.1,6960000,0
2013-07-22,7.25,7.3,7,7.1,6960000,0
2013-07-23,7.1,7.1,7,7,21680000,0
2013-07-23,7.1,7.1,7,7,21680000,0
2013-07-24,7,7.2,7,7.05,5060000,0
2013-07-24,7,7.2,7,7.05,5060000,0
2013-07-24,7,7.2,7,7.05,5060000,0
2013-07-25,7.05,7.2,7.05,7.05,12050000,0
2013-07-25,7.05,7.2,7.05,7.05,12050000,0
2013-07-25,7.05,7.2,7.05,7.05,12050000,0
2013-07-26,7.05,7.3,7.05,7.15,1340000,0
2013-07-26,7.05,7.3,7.05,7.15,1340000,0
2013-07-26,7.05,7.3,7.05,7.15,1340000,0
2013-07-29,7.15,7.3,7.15,7.15,10210000,0
2013-07-29,7.15,7.3,7.15,7.15,10210000,0
2013-07-30,7.15,7.35,7.15,7.25,12130000,0
2013-07-30,7.15,7.35,7.15,7.25,12130000,0
2013-07-30,7.15,7.35,7.15,7.25,12130000,0
2013-07-31,7.25,7.35,7.2,7.25,13750000,0
2013-07-31,7.25,7.35,7.2,7.25,13750000,0
2013-08-01,7.25,7.3,7.2,7.25,8040000,0
2013-08-01,7.25,7.3,7.2,7.25,8040000,0
2013-08-02,7.25,7.35,7.25,7.25,9790000,0
2013-08-02,7.25,7.35,7.25,7.25,9790000,0
2013-08-05,7.25,7.35,7.1,7.3,11570000,0
2013-08-05,7.25,7.35,7.1,7.3,11570000,0
2013-08-06,7.3,7.35,7.3,7.3,1810000,0
2013-08-06,7.3,7.35,7.3,7.3,1810000,0
2013-08-07,7.3,7.5,7.3,7.4,4230000,0
2013-08-07,7.3,7.5,7.3,7.4,4230000,0
2013-08-08,7.4,8,7.4,7.7,13820000,0
2013-08-08,7.4,8,7.4,7.7,13820000,0
2013-08-08,7.4,8,7.4,7.7,13820000,0
2013-08-08,7.4,8,7.4,7.7,13820000,0
2013-08-12,7.7,8,7.5,7.85,9460000,0
2013-08-12,7.7,8,7.5,7.85,9460000,0
2013-08-13,7.85,7.75,7.65,7.65,3470000,0
2013-08-13,7.85,7.75,7.65,7.65,3470000,0
2013-08-14,7.65,7.85,7.65,7.75,21900000,0
2013-08-14,7.65,7.85,7.65,7.75,21900000,0
2013-08-15,7.75,8,7.7,7.9,16760000,0
2013-08-15,7.75,8,7.7,7.9,16760000,0
2013-08-16,7.9,8.15,7.9,8.05,23900000,0
2013-08-16,7.9,8.15,7.9,8.05,23900000,0
2013-08-19,8.05,8.25,8,8.15,22200000,0
2013-08-19,8.05,8.25,8,8.15,22200000,0
2013-08-20,8.15,8.25,8.15,8.2,9690000,0
2013-08-20,8.15,8.25,8.15,8.2,9690000,0
2013-08-21,8.2,8.2,8,8.05,11970000,0
2013-08-21,8.2,8.2,8,8.05,11970000,0
2013-08-22,8.05,8.05,7.85,7.95,5170000,0
2013-08-22,8.05,8.05,7.85,7.95,5170000,0
2013-08-23,7.95,7.95,7.85,7.9,3250000,0
2013-08-23,7.95,7.95,7.85,7.9,3250000,0
2013-08-26,7.9,8,7.9,7.9,17780000,0
2013-08-26,7.9,8,7.9,7.9,17780000,0
2013-08-27,7.9,7.95,7.65,7.75,9070000,0
2013-08-27,7.9,7.95,7.65,7.75,9070000,0
2013-08-28,7.75,7.75,7.45,7.5,28180000,0
2013-08-28,7.75,7.75,7.45,7.5,28180000,0
2013-08-29,7.5,7.8,7.45,7.65,113860000,0
2013-08-29,7.5,7.8,7.45,7.65,113860000,0
2013-08-30,7.65,7.8,7.6,7.65,14220000,0
2013-08-30,7.65,7.8,7.6,7.65,14220000,0
2013-09-02,7.65,7.8,7.6,7.65,1300000,0
2013-09-02,7.65,7.8,7.6,7.65,1300000,0
2013-09-03,7.65,7.85,7.7,7.75,2800000,0
2013-09-03,7.65,7.85,7.7,7.75,2800000,0
2013-09-04,7.75,7.85,7.7,7.8,12540000,0
2013-09-04,7.75,7.85,7.7,7.8,12540000,0
2013-09-05,7.8,7.9,7.75,7.85,4950000,0
2013-09-05,7.8,7.9,7.75,7.85,4950000,0
2013-09-06,7.85,7.9,7.75,7.85,36500000,0
2013-09-06,7.85,7.9,7.75,7.85,36500000,0
2013-09-09,7.85,8.25,7.8,8.05,11180000,0
2013-09-09,7.85,8.25,7.8,8.05,11180000,0
2013-09-10,8.05,8.15,8.05,8.05,7020000,0
2013-09-10,8.05,8.15,8.05,8.05,7020000,0
2013-09-11,8.05,8.15,8.05,8.05,15400000,0
2013-09-11,8.05,8.15,8.05,8.05,15400000,0
2013-09-12,8.05,8.15,8.05,8.05,14290000,0
2013-09-12,8.05,8.15,8.05,8.05,14290000,0
2013-09-13,8.05,8.1,7.8,8,13660000,0
2013-09-13,8.05,8.1,7.8,8,13660000,0
2013-09-16,8,8.15,8.05,8.1,13320000,0
2013-09-16,8,8.15,8.05,8.1,13320000,0
2013-09-17,8.1,8.25,8.1,8.15,21740000,0
2013-09-17,8.1,8.25,8.1,8.15,21740000,0
2013-09-18,8.15,8.3,8.2,8.2,7850000,0
2013-09-18,8.15,8.3,8.2,8.2,7850000,0
2013-09-19,8.2,8.5,8.2,8.35,6370000,0
2013-09-19,8.2,8.5,8.2,8.35,6370000,0
2013-09-20,8.35,8.7,8.35,8.5,16940000,0
2013-09-20,8.35,8.7,8.35,8.5,16940000,0
2013-09-23,8.5,8.5,8.2,8.3,9330000,0
2013-09-23,8.5,8.5,8.2,8.3,9330000,0
2013-09-24,8.3,8.35,8.2,8.25,31590000,0
2013-09-24,8.3,8.35,8.2,8.25,31590000,0
2013-09-25,8.25,8.45,8.3,8.35,29900000,0
2013-09-25,8.25,8.45,8.3,8.35,29900000,0
2013-09-26,8.35,8.5,8.3,8.35,8200000,0
2013-09-26,8.35,8.5,8.3,8.35,8200000,0
2013-09-27,8.35,8.4,8.25,8.3,7270000,0
2013-09-27,8.35,8.4,8.25,8.3,7270000,0
2013-09-30,8.3,8.7,8.25,8.5,7220000,0
2013-09-30,8.3,8.7,8.25,8.5,7220000,0
2013-09-30,8.3,8.7,8.25,8.5,7220000,0
2013-09-30,8.3,8.7,8.25,8.5,7220000,0
2013-10-02,8.5,8.95,8.55,8.75,14190000,0
2013-10-02,8.5,8.95,8.55,8.75,14190000,0
2013-10-03,8.75,9,8.7,8.9,16370000,0
2013-10-03,8.75,9,8.7,8.9,16370000,0
2013-10-04,8.9,8.95,8.9,8.9,15070000,0
2013-10-04,8.9,8.95,8.9,8.9,15070000,0
2013-10-07,8.9,9.25,8.9,9.1,28540000,0
2013-10-07,8.9,9.25,8.9,9.1,28540000,0
2013-10-08,9.1,9.5,9.2,9.4,28030000,0
2013-10-08,9.1,9.5,9.2,9.4,28030000,0
2013-10-09,9.4,9.4,9.1,9.1,25060000,0
2013-10-09,9.4,9.4,9.1,9.1,25060000,0
2013-10-10,9.1,9.15,8.8,9,39750000,0
2013-10-10,9.1,9.15,8.8,9,39750000,0
2013-10-11,9,9.1,8.95,9,62120000,0
2013-10-11,9,9.1,8.95,9,62120000,0
2013-10-14,9,9.25,9,9.05,26200000,0
2013-10-14,9,9.25,9,9.05,26200000,0
2013-10-15,9.05,9.2,9.1,9.15,25160000,0
2013-10-15,9.05,9.2,9.1,9.15,25160000,0
2013-10-16,9.15,9.25,9.1,9.15,15950000,0
2013-10-16,9.15,9.25,9.1,9.15,15950000,0
2013-10-17,9.15,9.2,9.05,9.1,4020000,0
2013-10-17,9.15,9.2,9.05,9.1,4020000,0
2013-10-18,9.1,9.15,9.05,9.05,21020000,0
2013-10-18,9.1,9.15,9.05,9.05,21020000,0
2013-10-18,9.1,9.15,9.05,9.05,21020000,0
2013-10-18,9.1,9.15,9.05,9.05,21020000,0
2013-10-22,9.05,9.15,8.85,8.95,3800000,0
2013-10-22,9.05,9.15,8.85,8.95,3800000,0
2013-10-23,8.95,9.1,8.2,9,45100000,0
2013-10-23,8.95,9.1,8.2,9,45100000,0
2013-10-24,9,9.1,8.8,9,36330000,0
2013-10-24,9,9.1,8.8,9,36330000,0
2013-10-25,9,9.05,8.9,9,10870000,0
2013-10-25,9,9.05,8.9,9,10870000,0
2013-10-28,9,9.1,8.95,9,2190000,0
2013-10-28,9,9.1,8.95,9,2190000,0
2013-10-28,9,9.1,8.95,9,2190000,0
2013-10-28,9,9.1,8.95,9,2190000,0
2013-10-30,9,9.4,9.05,9.25,18020000,0
2013-10-30,9,9.4,9.05,9.25,18020000,0
2013-10-31,9.25,9.7,9.25,9.45,15880000,0
2013-10-31,9.25,9.7,9.25,9.45,15880000,0
2013-11-01,9.45,9.7,9.5,9.55,3390000,0
2013-11-01,9.45,9.7,9.5,9.55,3390000,0
2013-11-04,9.55,9.9,9.5,9.7,15070000,0
2013-11-04,9.55,9.9,9.5,9.7,15070000,0
2013-11-05,9.7,9.8,9.3,9.65,16230000,0
2013-11-05,9.7,9.8,9.3,9.65,16230000,0
2013-11-06,9.65,10.2,9.45,9.7,42030000,0
2013-11-06,9.65,10.2,9.45,9.7,42030000,0
2013-11-07,9.7,9.95,9.45,9.85,23780000,0
2013-11-07,9.7,9.95,9.45,9.85,23780000,0
2013-11-08,9.85,9.95,9.6,9.75,13600000,0
2013-11-08,9.85,9.95,9.6,9.75,13600000,0
2013-11-11,9.75,9.9,9.5,9.8,7120000,0
2013-11-11,9.75,9.9,9.5,9.8,7120000,0
2013-11-12,9.8,9.9,9.75,9.8,9920000,0
2013-11-12,9.8,9.9,9.75,9.8,9920000,0
2013-11-13,9.8,10,9.75,9.8,5730000,0
2013-11-13,9.8,10,9.75,9.8,5730000,0
2013-11-14,9.8,9.95,9.8,9.85,16210000,0
2013-11-14,9.8,9.95,9.8,9.85,16210000,0
2013-11-15,9.85,9.95,9.8,9.85,8730000,0
2013-11-15,9.85,9.95,9.8,9.85,8730000,0
2013-11-18,9.85,10,9.85,9.9,6520000,0
2013-11-18,9.85,10,9.85,9.9,6520000,0
2013-11-19,9.9,10.1,9.85,9.95,8030000,0
2013-11-19,9.9,10.1,9.85,9.95,8030000,0
2013-11-20,9.95,10.3,9.95,10.05,6700000,0
2013-11-20,9.95,10.3,9.95,10.05,6700000,0
2013-11-21,10.05,10.75,10.2,10.6,22970000,0
2013-11-21,10.05,10.75,10.2,10.6,22970000,0
2013-11-22,10.6,10.9,10.6,10.75,33610000,0
2013-11-22,10.6,10.9,10.6,10.75,33610000,0
2013-11-25,10.75,11.05,10.8,10.9,13830000,0
2013-11-25,10.75,11.05,10.8,10.9,13830000,0
2013-11-26,10.9,11.1,10.95,11,53440000,0
2013-11-26,10.9,11.1,10.95,11,53440000,0
2013-11-27,11,11.2,10.95,11,9020000,0
2013-11-27,11,11.2,10.95,11,9020000,0
2013-11-28,11,11.1,10.9,11,9100000,0
2013-11-28,11,11.1,10.9,11,9100000,0
2013-11-29,11,10.95,10.6,10.8,2620000,0
2013-11-29,11,10.95,10.6,10.8,2620000,0
2013-12-02,10.8,11,10.55,10.85,2930000,0
2013-12-02,10.8,11,10.55,10.85,2930000,0
2013-12-03,10.85,11,10.75,10.8,9110000,0
2013-12-03,10.85,11,10.75,10.8,9110000,0
2013-12-04,10.8,10.85,10.55,10.75,12500000,0
2013-12-04,10.8,10.85,10.55,10.75,12500000,0
2013-12-05,10.75,10.7,10,10.35,24090000,0
2013-12-05,10.75,10.7,10,10.35,24090000,0
2013-12-06,10.35,10.5,10.2,10.35,16080000,0
2013-12-06,10.35,10.5,10.2,10.35,16080000,0
2013-12-09,10.35,10.4,10.25,10.35,12760000,0
2013-12-09,10.35,10.4,10.25,10.35,12760000,0
2013-12-10,10.35,10.35,10.1,10.2,23970000,0
2013-12-10,10.35,10.35,10.1,10.2,23970000,0
2013-12-11,10.2,10.2,9.9,10.05,26980000,0
2013-12-11,10.2,10.2,9.9,10.05,26980000,0
2013-12-11,10.2,10.2,9.9,10.05,26980000,0
2013-12-11,10.2,10.2,9.9,10.05,26980000,0
2013-12-11,10.2,10.2,9.9,10.05,26980000,0
2013-12-11,10.2,10.2,9.9,10.05,26980000,0
2013-12-16,10.05,10.1,9.6,10,15650000,0
2013-12-16,10.05,10.1,9.6,10,15650000,0
2013-12-17,10,10,9.7,9.85,22460000,0
2013-12-17,10,10,9.7,9.85,22460000,0
2013-12-18,9.85,10,9.85,9.9,15350000,0
2013-12-18,9.85,10,9.85,9.9,15350000,0
2013-12-19,9.9,10.1,9.95,10,16590000,0
2013-12-19,9.9,10.1,9.95,10,16590000,0
2013-12-20,10,10.15,10,10.05,8710000,0
2013-12-20,10,10.15,10,10.05,8710000,0
2013-12-23,10.05,10.5,10.1,10.25,2640000,0
2013-12-23,10.05,10.5,10.1,10.25,2640000,0
2013-12-24,10.25,11,10.4,10.85,2990000,0
2013-12-24,10.25,11,10.4,10.85,2990000,0
2013-12-24,10.25,11,10.4,10.85,2990000,0
2013-12-24,10.25,11,10.4,10.85,2990000,0
2013-12-24,10.25,11,10.4,10.85,2990000,0
2013-12-24,10.25,11,10.4,10.85,2990000,0
2013-12-27,10.85,10.9,10.55,10.75,7550000,0
2013-12-27,10.85,10.9,10.55,10.75,7550000,0
2013-12-30,10.75,11,10.6,10.85,11070000,0
2013-12-30,10.75,11,10.6,10.85,11070000,0
2013-12-31,10.85,10.95,10.8,10.85,2460000,0
2013-12-31,10.85,10.95,10.8,10.85,2460000,0
2013-12-31,10.85,10.95,10.8,10.85,2460000,0
2014-01-02,10.85,10.9,10.6,10.7,3510000,0
2014-01-02,10.85,10.9,10.6,10.7,3510000,0
2014-01-03,10.7,10.95,10.75,10.8,2710000,0
2014-01-03,10.7,10.95,10.75,10.8,2710000,0
2014-01-06,10.8,11.15,10.8,11.05,9520000,0
2014-01-07,11.05,11.15,11,11.1,5570000,0
2014-01-08,11.1,11.65,11.1,11.35,6690000,0
2014-01-09,11.35,11.95,11.55,11.7,24760000,0
2014-01-10,11.7,11.95,11.45,11.75,33430000,0
2014-01-13,11.75,11.75,11.35,11.65,19460000,0
2014-01-14,11.65,11.75,11.45,11.65,5700000,0
2014-01-15,11.65,11.75,11.35,11.7,8770000,0
2014-01-16,11.7,11.75,11.4,11.5,9560000,0
2014-01-17,11.5,11.6,11.5,11.5,1930000,0
2014-01-20,11.5,11.8,11.4,11.7,7600000,0
2014-01-21,11.7,12,11.65,11.75,11310000,0
2014-01-22,11.75,12.1,11.75,12,10580000,0
2014-01-23,12,12.2,11.95,12.05,9790000,0
2014-01-24,12.05,12.8,12.2,12.45,16040000,0
2014-01-27,12.45,12.6,12.25,12.35,43170000,0
2014-01-28,12.35,12.4,12,12.05,10100000,0
2014-01-29,12.05,12.05,11.75,11.85,14130000,0
2014-01-30,11.85,11.8,11.4,11.5,16650000,0
2014-01-31,11.5,11.45,10.6,11,12360000,0
2014-02-03,11,11.4,11,11.2,15520000,0
2014-02-04,11.2,11.5,11.3,11.35,6650000,0
2014-02-05,11.35,11.85,11.3,11.45,2270000,0
2014-02-06,11.45,12.05,11.5,11.95,28880000,0
2014-02-07,11.95,12,11.75,11.85,8470000,0
2014-02-10,11.85,11.85,11.55,11.75,12190000,0
2014-02-11,11.75,11.85,11.7,11.75,14580000,0
2014-02-12,11.75,11.95,11.75,11.8,5420000,0
2014-02-13,11.8,11.8,11.65,11.7,15770000,0
2014-02-14,11.7,12,11.7,11.8,2460000,0
2014-02-17,11.8,11.85,11.5,11.65,9360000,0
2014-02-18,11.65,11.65,11.45,11.5,6680000,0
2014-02-19,11.5,11.6,11.35,11.4,10000000,0
2014-02-20,11.4,11.5,11.3,11.4,15920000,0
2014-02-21,11.4,11.5,11.35,11.4,11720000,0
2014-02-24,11.4,11.5,11.35,11.45,9230000,0
2014-02-25,11.45,11.75,11.4,11.55,10630000,0
2014-02-26,11.55,11.75,11.55,11.65,6330000,0
2014-02-27,11.65,11.8,11.55,11.65,5140000,0
2014-02-28,11.65,11.8,11.65,11.7,19980000,0
2014-03-03,11.7,11.75,11.65,11.7,2950000,0
2014-03-04,11.7,11.8,11.7,11.7,5000000,0
2014-03-05,11.7,11.8,11.65,11.7,16390000,0
2014-03-06,11.7,11.9,11.7,11.75,27450000,0
2014-03-07,11.75,11.85,11.7,11.75,11850000,0
2014-03-10,11.75,11.9,11.75,11.75,7070000,0
2014-03-11,11.75,11.9,11.75,11.8,5710000,0
2014-03-12,11.8,12.1,11.75,11.9,3240000,0
2014-03-13,11.9,12.6,12,12.35,12730000,0
2014-03-14,12.35,12.35,12,12.05,2590000,0
2014-03-17,12.05,12.3,12,12.1,6350000,0
2014-03-18,12.1,12.3,12.1,12.2,11640000,0
2014-03-19,12.2,12.5,12.2,12.3,3060000,0
2014-03-20,12.3,12.6,12.3,12.45,27550000,0
2014-03-21,12.45,12.65,12.4,12.55,28830000,0
2014-03-24,12.55,12.7,12.1,12.35,8570000,0
2014-03-25,12.35,12.6,12.15,12.35,3440000,0
2014-03-26,12.35,12.6,12.3,12.45,15820000,0
2014-03-27,12.45,12.4,12.1,12.35,3500000,0
2014-03-28,12.35,12.35,12.25,12.3,15320000,0
2014-03-31,12.3,12.4,12.3,12.35,12780000,0
2014-04-01,12.35,12.5,12.35,12.35,2480000,0
2014-04-02,12.35,12.5,12.35,12.4,3470000,0
2014-04-03,12.4,12.6,12.4,12.45,15730000,0
2014-04-04,12.45,12.5,12.35,12.4,2400000,0
2014-04-07,12.4,12.6,12.35,12.45,18910000,0
2014-04-08,12.45,12.45,12.3,12.35,13670000,0
2014-04-09,12.35,12.5,12.3,12.45,4050000,0
2014-04-10,12.45,13,12.4,12.75,7220000,0
2014-04-11,12.75,13,12.6,12.75,123200000,0
2014-04-14,12.75,13,12.7,12.85,22420000,0
2014-04-15,12.85,13.3,12.8,13.1,12530000,0
2014-04-16,13.1,13.4,13.1,13.2,11280000,0
2014-04-17,13.2,13.3,13.1,13.2,3060000,0
2014-04-17,13.2,13.3,13.1,13.2,3060000,0
2014-04-17,13.2,13.3,13.1,13.2,3060000,0
2014-04-22,13.2,13.3,13.1,13.2,11640000,0
2014-04-23,13.2,13.1,12.9,13,14450000,0
2014-04-24,13,13.3,13,13.15,8280000,0
2014-04-25,13.15,13.2,13,13.05,28500000,0
2014-04-28,13.05,13.1,13,13,4090000,0
2014-04-29,13,13.2,13,13.05,3300000,0
2014-04-30,13.05,13.2,13.1,13.1,69200000,0
2014-04-30,13.05,13.2,13.1,13.1,69200000,0
2014-05-02,13.1,13.2,13.05,13.05,6020000,0
2014-05-05,13.05,13.1,12.85,13,13780000,0
2014-05-06,13,13,12.7,12.8,28680000,0
2014-05-07,12.8,13,12.75,12.9,17360000,0
2014-05-08,12.9,13,12.75,12.8,27770000,0
2014-05-09,12.8,13.05,12.75,12.85,36350000,0
2014-05-12,12.85,13,12.8,12.9,4140000,0
2014-05-13,12.9,13.1,12.75,12.85,11950000,0
2014-05-14,12.85,12.9,12.1,12.6,12960000,0
2014-05-15,12.6,12.7,12.5,12.6,21420000,0
2014-05-16,12.6,13.2,12.65,12.85,57810000,0
2014-05-19,12.85,13.1,12.9,13,3510000,0
2014-05-20,13,13.1,12.95,13,12050000,0
2014-05-21,13,13.2,13,13.05,55250000,0
2014-05-22,13.05,13.1,12.85,13,6090000,0
2014-05-23,13,13.05,12.75,12.95,2740000,0
2014-05-26,12.95,13.05,12.95,13,2210000,0
2014-05-27,13,13.05,12.95,12.95,17520000,0
2014-05-28,12.95,13,12.9,12.95,23770000,0
2014-05-29,12.95,13.05,12.9,12.95,29630000,0
2014-05-30,12.95,13.1,12.9,12.95,16310000,0
2014-05-30,12.95,13.1,12.9,12.95,16310000,0
2014-06-03,12.95,12.95,12.7,12.8,44050000,0
2014-06-04,12.8,12.9,12.8,12.8,19830000,0
2014-06-05,12.8,12.95,12.8,12.8,31260000,0
2014-06-06,12.8,12.95,12.8,12.8,1600000,0
2014-06-09,12.8,12.95,12.8,12.85,16150000,0
2014-06-10,12.85,12.9,12.8,12.8,19400000,0
2014-06-11,12.8,13.05,12.8,12.9,11000000,0
2014-06-12,12.9,13,12.85,12.95,15640000,0
2014-06-13,12.95,13,12.85,12.9,4040000,0
2014-06-16,12.9,12.95,12.8,12.85,1410000,0
2014-06-17,12.85,12.9,12.8,12.85,14530000,0
2014-06-18,12.85,12.9,12.7,12.8,44460000,0
2014-06-19,12.8,12.85,12.55,12.8,8810000,0
2014-06-20,12.8,12.9,12.75,12.8,16250000,0
2014-06-23,12.8,12.85,12.75,12.8,8830000,0
2014-06-24,12.8,12.8,12.5,12.65,19780000,0
2014-06-25,12.65,12.7,12,12.55,17580000,0
2014-06-26,12.55,12.5,12.2,12.35,24170000,0
2014-06-27,12.35,12.55,12.35,12.45,22860000,0
2014-06-30,12.45,12.6,12.45,12.45,6480000,0
2014-07-01,12.45,13,12.5,12.65,17980000,0
2014-07-02,12.65,13.05,12.55,12.95,17910000,0
2014-07-03,12.95,12.8,12.55,12.75,1590000,0
2014-07-04,12.75,12.8,12.65,12.7,1790000,0
2014-07-07,12.7,12.9,12.7,12.75,24370000,0
2014-07-08,12.75,12.95,12.7,12.7,67820000,0
2014-07-09,12.7,12.85,12.65,12.7,6320000,0
2014-07-10,12.7,12.75,12.5,12.55,10890000,0
2014-07-11,12.55,12.6,12.2,12.4,2340000,0
2014-07-14,12.4,12.5,12.3,12.35,11880000,0
2014-07-15,12.35,12.45,12.3,12.3,8040000,0
2014-07-16,12.3,12.35,12.1,12.15,12250000,0
2014-07-17,12.15,12.2,12,12.05,24870000,0
2014-07-18,12.05,12.25,12.05,12.1,15450000,0
2014-07-21,12.1,12.15,11.85,12,26140000,0
2014-07-22,12,12.05,11.75,11.95,19820000,0
2014-07-23,11.95,12.1,12,12.05,9100000,0
2014-07-24,12.05,12.1,12,12,4180000,0
2014-07-25,12,12.35,12,12.2,24480000,0
2014-07-28,12.2,12.3,11.9,12,4540000,0
2014-07-28,12.2,12.3,11.9,12,4540000,0
2014-07-30,12,12.1,11.95,12.05,10490000,0
2014-07-31,12.05,12.4,12.05,12.2,5110000,0
2014-08-01,12.2,12.6,12.25,12.4,6180000,0
2014-08-04,12.4,12.7,12.45,12.5,4690000,0
2014-08-05,12.5,13,12.5,12.6,22650000,0
2014-08-06,12.6,13,12.6,12.95,11490000,0
2014-08-07,12.95,12.95,12.5,12.85,16410000,0
2014-08-08,12.85,12.9,12.55,12.8,5820000,0
2014-08-11,12.8,12.85,12.6,12.7,3690000,0
2014-08-12,12.7,12.95,12.6,12.8,4410000,0
2014-08-13,12.8,12.85,12.65,12.75,2960000,0
2014-08-14,12.75,12.9,12.65,12.8,7310000,0
2014-08-15,12.8,12.8,12.65,12.7,1020000,0
2014-08-18,12.7,12.85,12.7,12.7,26880000,0
2014-08-19,12.7,12.8,12.65,12.75,9190000,0
2014-08-20,12.75,12.9,12.75,12.8,7310000,0
2014-08-21,12.8,12.85,12.75,12.75,20900000,0
2014-08-22,12.75,12.8,12.7,12.75,30160000,0
2014-08-25,12.75,12.8,12.7,12.75,2580000,0
2014-08-26,12.75,12.8,12.75,12.75,1720000,0
2014-08-27,12.75,12.85,12.7,12.7,30990000,0
2014-08-28,12.7,12.85,12.7,12.75,1980000,0
2014-08-29,12.75,13.05,12.75,12.95,13570000,0
2014-09-01,12.95,13.3,12.95,13.15,2740000,0
2014-09-02,13.15,13.4,13,13.2,8680000,0
2014-09-03,13.2,13.5,13.2,13.4,12300000,0
2014-09-04,13.4,13.4,13.1,13.2,6150000,0
2014-09-05,13.2,13.35,13.1,13.2,1140000,0
2014-09-08,13.2,13.35,13.2,13.25,3960000,0
2014-09-09,13.25,13.3,13.2,13.25,10160000,0
2014-09-10,13.25,13.25,13,13.15,13200000,0
2014-09-11,13.15,13.15,12.85,12.95,10950000,0
2014-09-12,12.95,13,12.5,12.9,12280000,0
2014-09-15,12.9,13,12.85,12.9,16070000,0
2014-09-16,12.9,12.95,12.8,12.85,15420000,0
2014-09-17,12.85,12.8,12.15,12.5,30420000,0
2014-09-18,12.5,12.7,12.5,12.6,6210000,0
2014-09-19,12.6,12.7,12.5,12.6,30920000,0
2014-09-22,12.6,12.65,12.5,12.55,28530000,0
2014-09-23,12.55,12.65,12.5,12.55,9410000,0
2014-09-24,12.55,12.65,12.5,12.55,9580000,0
2014-09-25,12.55,12.65,12.55,12.6,5590000,0
2014-09-26,12.6,12.75,12.6,12.65,12570000,0
2014-09-29,12.65,13.05,12.65,12.85,7490000,0
2014-09-30,12.85,13,12.75,12.9,11740000,0
2014-10-01,12.9,13,12.8,12.95,4430000,0
2014-10-02,12.95,12.95,12.75,12.75,5930000,0
2014-10-03,12.75,12.85,12,12.7,4370000,0
2014-10-06,12.7,12.9,12.6,12.65,834100,0
2014-10-07,12.65,12.9,12.6,12.75,3250000,0
2014-10-08,12.75,13,12.7,12.85,2550000,0
2014-10-09,12.85,12.95,12.75,12.85,6910000,0
2014-10-10,12.85,12.85,12.75,12.75,6560000,0
2014-10-13,12.75,12.8,12.7,12.7,12040000,0
2014-10-14,12.7,12.75,12.65,12.65,6840000,0
2014-10-15,12.65,12.8,12.5,12.5,1780000,0
2014-10-16,12.5,12.6,12.5,12.5,5600000,0
2014-10-17,12.5,12.5,12,12.15,3330000,0
2014-10-17,12.5,12.5,12,12.15,3330000,0
2014-10-21,12.15,12.5,11.85,12.15,13730000,0
2014-10-22,12.15,12.55,12.3,12.45,5350000,0
2014-10-23,12.45,12.6,12.5,12.5,10690000,0
2014-10-24,12.5,12.5,12.05,12.25,2790000,0
2014-10-27,12.25,12.5,12.15,12.2,4550000,0
2014-10-28,12.2,12.2,12.05,12.1,11880000,0
2014-10-29,12.1,12.3,12.1,12.15,8940000,0
2014-10-30,12.15,12.25,12.1,12.15,6570000,0
2014-10-31,12.15,12.3,12.1,12.15,6240000,0
2014-11-03,12.15,12.3,12.15,12.2,7190000,0
2014-11-04,12.2,12.25,12.15,12.2,4150000,0
2014-11-05,12.2,13,12.2,12.7,14620000,0
2014-11-06,12.7,13,12.2,12.8,25780000,0
2014-11-07,12.8,13.1,12.7,12.95,17540000,0
2014-11-10,12.95,13.05,12.45,12.95,9210000,0
2014-11-11,12.95,13.05,12.75,13,3310000,0
2014-11-12,13,13.55,12.8,13.35,24900000,0
2014-11-13,13.35,13.75,13,13.55,6790000,0
2014-11-14,13.55,13.85,13.3,13.7,6000000,0
2014-11-17,13.7,13.85,13.5,13.7,1220000,0
2014-11-18,13.7,13.85,13.6,13.75,4210000,0
2014-11-19,13.75,13.85,13.55,13.7,14860000,0
2014-11-20,13.7,13.7,13.55,13.6,110580000,0
2014-11-21,13.6,13.65,13.5,13.55,12540000,0
2014-11-24,13.55,13.65,13,13.45,1390000,0
2014-11-25,13.45,13.65,13.2,13.55,17660000,0
2014-11-26,13.55,13.95,13.3,13.8,12090000,0
2014-11-27,13.8,14,13.6,13.9,7150000,0
2014-11-28,13.9,13.95,13.7,13.8,12070000,0
2014-12-01,13.8,14,13.8,13.9,6080000,0
2014-12-02,13.9,14,13.8,13.95,8610000,0
2014-12-03,13.95,14.65,13.95,14.2,20750000,0
2014-12-04,14.2,14.7,14.1,14.55,4820000,0
2014-12-05,14.55,14.95,14.6,14.8,5340000,0
2014-12-08,14.8,15.15,14.7,15,36780000,0
2014-12-09,15,15.15,14.9,14.95,22230000,0
2014-12-10,14.95,15,14.3,14.65,9360000,0
2014-12-11,14.65,14.65,14,14.05,18900000,0
2014-12-11,14.65,14.65,14,14.05,18900000,0
2014-12-15,14.05,14.5,13.75,13.9,13570000,0
2014-12-16,13.9,14.05,13.8,13.9,45890000,0
2014-12-17,13.9,13.95,13.3,13.4,32760000,0
2014-12-18,13.4,13.85,13.25,13.35,6320000,0
2014-12-19,13.35,13.7,13.3,13.5,24440000,0
2014-12-22,13.5,13.6,13.35,13.45,10430000,0
2014-12-23,13.45,14.05,13.45,13.85,6460000,0
2014-12-24,13.85,14.1,13.8,14,4560000,0
2014-12-24,13.85,14.1,13.8,14,4560000,0
2014-12-24,13.85,14.1,13.8,14,4560000,0
2014-12-29,14,14.2,14,14.05,19250000,0
2014-12-30,14.05,14.25,14,14.1,15520000,0
2014-12-31,14.1,14.15,14,14.05,7610000,0
2014-12-31,14.1,14.15,14,14.05,7610000,0
2015-01-02,14.05,14.5,14.05,14.15,8650000,0
2015-01-05,14.15,14.3,14,14.05,2560000,0
2015-01-06,14.05,14.1,13.8,13.9,11810000,0
2015-01-07,13.9,14,13.8,13.85,5020000,0
2015-01-08,13.85,13.9,13.6,13.75,3750000,0
2015-01-09,13.75,13.85,13,13.75,2160000,0
2015-01-12,13.75,14.05,13.75,13.85,2370000,0
2015-01-13,13.85,15,14,14.7,1350000,0
2015-01-14,14.7,15,14.2,14.85,10800000,0
2015-01-15,14.85,14.85,14.5,14.6,9220000,0
2015-01-16,14.6,14.9,14.5,14.8,5720000,0
2015-01-19,14.8,14.85,14.35,14.55,1590000,0
2015-01-20,14.55,14.5,13.9,13.95,14470000,0
2015-01-21,13.95,14.85,14.1,14.15,7500000,0
2015-01-22,14.15,14.5,14.1,14.2,3670000,0
2015-01-23,14.2,14.3,14.1,14.15,14170000,0
2015-01-26,14.15,14.2,14,14,7050000,0
2015-01-27,14,14.2,14,14.1,5270000,0
2015-01-28,14.1,14.3,14.1,14.15,8610000,0
2015-01-29,14.15,14.2,14.1,14.1,7360000,0
2015-01-30,14.1,14.25,14.1,14.15,9100000,0
2015-02-02,14.15,14.3,14.1,14.2,14710000,0
2015-02-03,14.2,14.5,14.2,14.3,1890000,0
2015-02-04,14.3,14.75,14.3,14.45,2270000,0
2015-02-05,14.45,14.75,14.45,14.55,8380000,0
2015-02-06,14.55,14.7,14.45,14.55,5470000,0
2015-02-09,14.55,15,14.5,14.8,13760000,0
2015-02-10,14.8,14.95,14.5,14.75,11690000,0
2015-02-11,14.75,14.95,14.6,14.85,12590000,0
2015-02-12,14.85,14.9,14.5,14.75,10560000,0
2015-02-13,14.75,14.95,14.85,14.85,25000000,0
2015-02-16,14.85,14.95,14.8,14.85,1320000,0
2015-02-17,14.85,14.9,14.8,14.8,3230000,0
2015-02-18,14.8,15.1,14.85,14.95,6540000,0
2015-02-19,14.95,15.3,15,15.15,3820000,0
2015-02-20,15.15,15.5,15.15,15.3,5610000,0
2015-02-23,15.3,15.7,15.35,15.45,4370000,0
2015-02-24,15.45,15.95,15.55,15.7,6850000,0
2015-02-25,15.7,16,15.7,15.9,33860000,0
2015-02-26,15.9,16,15.6,15.75,5680000,0
2015-02-27,15.75,15.9,15.75,15.8,9110000,0
2015-03-02,15.8,16,15.25,15.65,5210000,0
2015-03-03,15.65,15.65,15.3,15.4,30440000,0
2015-03-04,15.4,16,15.35,15.45,22040000,0
2015-03-05,15.45,15.8,15.55,15.7,3840000,0
2015-03-06,15.7,15.95,15.6,15.75,5830000,0
2015-03-09,15.75,15.8,15.4,15.55,6600000,0
2015-03-10,15.55,15.85,15.55,15.75,8940000,0
2015-03-11,15.75,16,15.75,15.85,3250000,0
2015-03-12,15.85,16,15.8,15.95,9550000,0
2015-03-13,15.95,16,15.5,15.8,6920000,0
2015-03-16,15.8,15.8,15.6,15.65,11980000,0
2015-03-17,15.65,15.75,15,15.6,6760000,0
2015-03-18,15.6,15.9,15.65,15.75,6760000,0
2015-03-19,15.75,15.95,15.75,15.85,4480000,0
2015-03-20,15.85,15.95,15.8,15.85,5860000,0
2015-03-23,15.85,16,15.85,15.9,4800000,0
2015-03-24,15.9,16.1,15.95,16,6650000,0
2015-03-25,16,16.25,16,16.1,3170000,0
2015-03-26,16.1,17,16.1,16.45,20190000,0
2015-03-27,16.45,17.5,16.5,16.6,2840000,0
2015-03-30,16.6,16.95,16.5,16.7,5050000,0
2015-03-31,16.7,17.4,16.8,17.05,6060000,0
2015-04-01,17.05,17.4,16.8,17,23450000,0
2015-04-02,17,17.05,15.85,16.6,10230000,0
2015-04-02,17,17.05,15.85,16.6,10230000,0
2015-04-02,17,17.05,15.85,16.6,10230000,0
2015-04-07,16.6,16.6,15.75,15.9,25350000,0
2015-04-08,15.9,16.2,15.85,15.95,20210000,0
2015-04-09,15.95,16.5,16.15,16.3,16650000,0
2015-04-10,16.3,16.35,15.75,15.9,30230000,0
2015-04-13,15.9,16.35,15.9,16,1190000,0
2015-04-14,16,16.35,16,16.1,5470000,0
2015-04-15,16.1,16.5,16.05,16.3,2170000,0
2015-04-16,16.3,17,16.35,16.75,2940000,0
2015-04-17,16.75,17.5,16.65,17.2,13010000,0
2015-04-20,17.2,17.4,17,17.25,5350000,0
2015-04-21,17.25,17.4,17.05,17.2,5580000,0
2015-04-22,17.2,17.2,17,17.05,4110000,0
2015-04-23,17.05,17.4,17.05,17.15,8080000,0
2015-04-24,17.15,17.4,17.15,17.3,14060000,0
2015-04-27,17.3,17.3,17.05,17.1,2990000,0
2015-04-28,17.1,17.4,17,17.2,1660000,0
2015-04-29,17.2,17.5,17.2,17.3,25200000,0
2015-04-30,17.3,17.5,17.3,17.4,4950000,0
2015-04-30,17.3,17.5,17.3,17.4,4950000,0
2015-05-04,17.4,17.5,17.35,17.45,6840000,0
2015-05-05,17.45,17.65,17.4,17.5,4540000,0
2015-05-06,17.5,17.9,17.5,17.55,11930000,0
2015-05-07,17.55,17.7,16.95,17.15,19810000,0
2015-05-08,17.15,17.55,16.95,17.05,29260000,0
2015-05-11,17.05,17.15,16.75,16.9,10930000,0
2015-05-12,16.9,16.9,16.25,16.65,17860000,0
2015-05-13,16.65,16.5,15.85,16.1,22160000,0
2015-05-14,16.1,16.45,16.2,16.35,4220000,0
2015-05-15,16.35,16.5,16.2,16.35,9940000,0
2015-05-18,16.35,16.7,16.35,16.5,7840000,0
2015-05-19,16.5,16.75,16.5,16.6,10560000,0
2015-05-20,16.6,16.7,16.35,16.45,10060000,0
2015-05-21,16.45,16.55,16.25,16.25,8670000,0
2015-05-22,16.25,16.3,16.1,16.2,11530000,0
2015-05-25,16.2,16.3,15.95,16,11040000,0
2015-05-26,16,16,15.5,15.65,8630000,0
2015-05-27,15.65,15.6,15,15.2,64510000,0
2015-05-28,15.2,15.7,15.2,15.55,12820000,0
2015-05-29,15.55,16.8,15.6,15.85,34340000,0
2015-05-29,15.55,16.8,15.6,15.85,34340000,0
2015-06-02,15.85,16.9,15.85,16.5,2440000,0
2015-06-03,16.5,16.7,16.05,16.4,17790000,0
2015-06-04,16.4,16.7,16,16.45,11520000,0
2015-06-05,16.45,16.65,16.1,16.35,5050000,0
2015-06-08,16.35,16.35,15.9,16.05,11190000,0
2015-06-09,16.05,16.3,16,16.05,21380000,0
2015-06-10,16.05,16.1,16,16.05,7370000,0
2015-06-11,16.05,16.05,16,16,14350000,0
2015-06-12,16,16.25,16.05,16.05,3420000,0
2015-06-15,16.05,16.15,16.05,16.1,6980000,0
2015-06-16,16.1,16.25,16,16.05,11030000,0
2015-06-17,16.05,16.2,16,16.05,1960000,0
2015-06-18,16.05,16.1,16,16,24400000,0
2015-06-19,16,16.1,16.05,16.05,11690000,0
2015-06-22,16.05,16.7,15.9,16.35,10920000,0
2015-06-23,16.35,16.1,15.9,16,11200000,0
2015-06-24,16,16.2,16.05,16.05,4050000,0
2015-06-25,16.05,16.2,16,16.1,21430000,0
2015-06-26,16.1,16.2,16.05,16.1,3700000,0
2015-06-29,16.1,16.4,16.1,16.3,6020000,0
2015-06-30,16.3,16.6,16.3,16.45,8440000,0
2015-07-01,16.45,16.6,16.45,16.5,6560000,0
2015-07-02,16.5,16.55,16.3,16.45,2690000,0
2015-07-03,16.45,16.5,16.3,16.35,295100,0
2015-07-06,16.35,16.5,16.2,16.35,2590000,0
2015-07-07,16.35,16.9,16.2,16.35,2090000,0
2015-07-08,16.35,16.6,15.9,16.15,49670000,0
2015-07-09,16.15,16.2,15.8,15.95,48130000,0
2015-07-09,16.15,16.2,15.8,15.95,48130000,0
2015-07-13,15.95,16.1,15.85,15.85,9200000,0
2015-07-14,15.85,16,15.1,15.75,16840000,0
2015-07-15,15.75,16.5,15.1,15.7,22820000,0
2015-07-16,15.7,15.75,15.2,15.25,10440000,0
2015-07-17,15.25,15.3,15.15,15.15,9700000,0
2015-07-20,15.15,15.45,15.1,15.3,17720000,0
2015-07-21,15.3,16,15.25,15.5,29230000,0
2015-07-22,15.5,15.75,15.3,15.55,4170000,0
2015-07-23,15.55,16,15.25,15.45,8500000,0
2015-07-24,15.45,15.5,15.15,15.25,17570000,0
2015-07-27,15.25,15.5,15.15,15.45,6620000,0
2015-07-28,15.45,15.5,15.3,15.45,6490000,0
2015-07-29,15.45,15.4,15.1,15.2,16520000,0
2015-07-30,15.2,15.25,14.9,14.95,796900,0
2015-07-31,14.95,15,14.05,14.4,15650000,0
2015-08-03,14.4,14.5,14.1,14.15,13960000,0
2015-08-04,14.15,14.2,14,14,85740000,0
2015-08-05,14,14.15,13.6,13.95,27590000,0
2015-08-06,13.95,14.25,13.7,13.9,30580000,0
2015-08-07,13.9,14.95,13.95,14.55,1640000,0
2015-08-10,14.55,15.5,14.7,15.35,10160000,0
2015-08-11,15.35,15.85,15.4,15.45,13170000,0
2015-08-12,15.45,15.75,15.5,15.55,5490000,0
2015-08-13,15.55,15.6,15.3,15.45,8370000,0
2015-08-14,15.45,15.5,15,15,9340000,0
2015-08-17,15,15.1,14.65,14.85,2040000,0
2015-08-18,14.85,15,14.7,14.85,2790000,0
2015-08-19,14.85,15.2,14.9,15,6870000,0
2015-08-20,15,15.4,15.05,15.1,2300000,0
2015-08-21,15.1,15.1,14.9,15,7970000,0
2015-08-24,15,15,13.95,14.35,6960000,0
2015-08-25,14.35,14.35,13.9,13.95,7870000,0
2015-08-26,13.95,13.95,12.8,13.45,5550000,0
2015-08-27,13.45,14.5,12.6,13.5,12520000,0
2015-08-28,13.5,14.5,13.9,14.15,29190000,0
2015-08-31,14.15,15,14,14.35,2230000,0
2015-09-01,14.35,14.8,14.5,14.6,2910000,0
2015-09-02,14.6,15.1,14.3,14.6,4430000,0
2015-09-03,14.6,15.6,14.85,15.2,4530000,0
2015-09-04,15.2,15.1,13.7,14.85,10770000,0
2015-09-07,14.85,14.85,14.5,14.6,13380000,0
2015-09-08,14.6,14.75,14.5,14.6,1120000,0
2015-09-09,14.6,14.7,14,14.4,52580000,0
2015-09-10,14.4,14.6,14.05,14.4,2290000,0
2015-09-11,14.4,14.65,14.4,14.55,3530000,0
2015-09-14,14.55,14.9,14.55,14.7,3160000,0
2015-09-15,14.7,15.4,14.65,15.15,11230000,0
2015-09-16,15.15,15.2,14.8,14.95,6040000,0
2015-09-17,14.95,15.1,14.7,15,6120000,0
2015-09-18,15,14.95,14.55,14.7,6630000,0
2015-09-21,14.7,15.2,14.5,14.9,4900000,0
2015-09-22,14.9,15.2,14.6,15,9090000,0
2015-09-23,15,15.2,15,15.1,9030000,0
2015-09-24,15.1,15.2,15,15.15,3430000,0
2015-09-25,15.15,15.3,15.05,15.15,7070000,0
2015-09-28,15.15,15.25,15.1,15.2,15050000,0
2015-09-29,15.2,15.25,14.8,15.1,13610000,0
2015-09-30,15.1,15.25,15,15.2,16380000,0
2015-10-01,15.2,15.15,14.65,14.95,6460000,0
2015-10-02,14.95,14.95,14.2,14.45,13960000,0
2015-10-05,14.45,14.75,14.3,14.6,4230000,0
2015-10-05,14.45,14.75,14.3,14.6,4230000,0
2015-10-07,14.6,14.75,14.6,14.65,16020000,0
2015-10-08,14.65,14.8,14.55,14.7,3110000,0
2015-10-09,14.7,15,14.7,14.8,4560000,0
2015-10-12,14.8,15.05,14.6,14.95,6520000,0
2015-10-12,14.8,15.05,14.6,14.95,6520000,0
2015-10-13,14.95,15.15,14.7,15,3950000,0
2015-10-13,14.95,15.15,14.7,15,3950000,0
2015-10-13,14.95,15.15,14.7,15,3950000,0
2015-10-14,15,15,14.2,14.7,5940000,0
2015-10-14,15,15,14.2,14.7,5940000,0
2015-10-14,15,15,14.2,14.7,5940000,0
2015-10-15,14.7,15,14.2,14.4,6010000,0
2015-10-15,14.7,15,14.2,14.4,6010000,0
2015-10-16,14.4,14.75,14.2,14.55,7000000,0
Date,Open,High,Low,Close,Volume,Adj Close
"December 01, 2015",15.50,15.75,15.50,15.65,4230000,0
"December 01, 2015",15.50,15.75,15.50,15.65,4230000,0
"December 02, 2015",15.65,16.20,15.55,15.85,5410000,0
"December 02, 2015",15.65,16.20,15.55,15.85,5410000,0
"December 03, 2015",15.85,16.00,15.60,15.70,1640000,0
"December 03, 2015",15.85,16.00,15.60,15.70,1640000,0
"December 04, 2015",15.70,15.85,15.50,15.55,8470000,0
"December 04, 2015",15.70,15.85,15.50,15.55,8470000,0
"December 07, 2015",15.55,15.95,15.60,15.70,21240000,0
"December 07, 2015",15.55,15.95,15.60,15.70,21240000,0
"December 08, 2015",15.70,16.00,15.70,15.95,9250000,0
"December 08, 2015",15.70,16.00,15.70,15.95,9250000,0
"December 09, 2015",15.95,16.25,15.75,16.10,4130000,0
"December 09, 2015",15.95,16.25,15.75,16.10,4130000,0
"December 10, 2015",16.10,16.25,15.95,16.15,5400000,0
"December 10, 2015",16.10,16.25,15.95,16.15,5400000,0
"December 11, 2015",16.15,16.40,16.00,16.25,9030000,0
"December 11, 2015",16.15,16.40,16.00,16.25,9030000,0
"December 14, 2015",16.25,16.65,16.00,16.40,11070000,0
"December 14, 2015",16.25,16.65,16.00,16.40,11070000,0
"December 15, 2015",16.40,16.50,16.30,16.35,8490000,0
"December 15, 2015",16.40,16.50,16.30,16.35,8490000,0
"December 16, 2015",16.35,16.90,16.20,16.70,8300000,0
"December 16, 2015",16.35,16.90,16.20,16.70,8300000,0
"December 17, 2015",16.70,16.70,15.90,16.60,10870000,0
"December 17, 2015",16.70,16.70,15.90,16.60,10870000,0
"December 18, 2015",16.60,16.80,16.30,16.70,6650000,0
"December 18, 2015",16.60,16.80,16.30,16.70,6650000,0
"December 22, 2015",16.70,16.80,15.80,16.70,9040000,0
"December 23, 2015",16.70,16.50,15.85,16.10,979100,0
"December 24, 2015",16.10,16.20,15.75,15.90,856200,0
"December 24, 2015",16.10,16.20,15.75,15.90,856200,0
"December 28, 2015",15.90,16.00,15.90,15.90,279400,0
"December 29, 2015",15.90,16.30,15.90,16.10,2960000,0
"December 30, 2015",16.10,16.50,16.00,16.25,623400,0
"December 31, 2015",16.25,16.50,16.30,16.30,309200,0
"November 02, 2015",14.35,14.50,14.25,14.35,644100,0
"November 02, 2015",14.35,14.50,14.25,14.35,644100,0
"November 03, 2015",14.35,14.50,14.00,14.45,30950000,0
"November 03, 2015",14.35,14.50,14.00,14.45,30950000,0
"November 04, 2015",14.45,14.50,14.05,14.30,3820000,0
"November 04, 2015",14.45,14.50,14.05,14.30,3820000,0
"November 05, 2015",14.30,15.10,14.35,14.95,16310000,0
"November 05, 2015",14.30,15.10,14.35,14.95,16310000,0
"November 06, 2015",14.95,15.15,15.00,15.05,2390000,0
"November 06, 2015",14.95,15.15,15.00,15.05,2390000,0
"November 09, 2015",15.05,15.25,14.95,15.05,2940000,0
"November 09, 2015",15.05,15.25,14.95,15.05,2940000,0
"November 10, 2015",15.05,15.75,15.05,15.45,6500000,0
"November 10, 2015",15.05,15.75,15.05,15.45,6500000,0
"November 11, 2015",15.45,16.00,15.45,15.80,4490000,0
"November 11, 2015",15.45,16.00,15.45,15.80,4490000,0
"November 12, 2015",15.80,16.20,15.50,16.05,7800000,0
"November 12, 2015",15.80,16.20,15.50,16.05,7800000,0
"November 13, 2015",16.05,16.50,15.85,16.00,5330000,0
"November 13, 2015",16.05,16.50,15.85,16.00,5330000,0
"November 16, 2015",16.00,16.15,16.05,16.05,10730000,0
"November 16, 2015",16.00,16.15,16.05,16.05,10730000,0
"November 17, 2015",16.05,16.30,16.05,16.10,3060000,0
"November 17, 2015",16.05,16.30,16.05,16.10,3060000,0
"November 18, 2015",16.10,16.50,16.10,16.25,5620000,0
"November 18, 2015",16.10,16.50,16.10,16.25,5620000,0
"November 19, 2015",16.25,16.60,16.20,16.50,13860000,0
"November 19, 2015",16.25,16.60,16.20,16.50,13860000,0
"November 20, 2015",16.50,16.95,16.50,16.65,4060000,0
"November 20, 2015",16.50,16.95,16.50,16.65,4060000,0
"November 23, 2015",16.65,16.95,16.35,16.70,8600000,0
"November 23, 2015",16.65,16.95,16.35,16.70,8600000,0
"November 24, 2015",16.70,16.50,16.00,16.20,15360000,0
"November 24, 2015",16.70,16.50,16.00,16.20,15360000,0
"November 25, 2015",16.20,16.50,15.50,16.05,2980000,0
"November 25, 2015",16.20,16.50,15.50,16.05,2980000,0
"November 25, 2015",16.20,16.50,15.50,16.05,2980000,0
"November 25, 2015",16.20,16.50,15.50,16.05,2980000,0
"November 27, 2015",16.05,16.10,14.50,15.35,4640000,0
"November 27, 2015",16.05,16.10,14.50,15.35,4640000,0
"November 30, 2015",15.35,15.90,15.30,15.50,15520000,0
"November 30, 2015",15.35,15.90,15.30,15.50,15520000,0
"October 01, 2015",15.20,15.15,14.65,14.95,6460000,0
"October 01, 2015",15.20,15.15,14.65,14.95,6460000,0
"October 02, 2015",14.95,14.95,14.20,14.45,13960000,0
"October 02, 2015",14.95,14.95,14.20,14.45,13960000,0
"October 05, 2015",14.45,14.75,14.30,14.60,4230000,0
"October 05, 2015",14.45,14.75,14.30,14.60,4230000,0
"October 05, 2015",14.45,14.75,14.30,14.60,4230000,0
"October 05, 2015",14.45,14.75,14.30,14.60,4230000,0
"October 07, 2015",14.60,14.75,14.60,14.65,16020000,0
"October 07, 2015",14.60,14.75,14.60,14.65,16020000,0
"October 08, 2015",14.65,14.80,14.55,14.70,3110000,0
"October 08, 2015",14.65,14.80,14.55,14.70,3110000,0
"October 09, 2015",14.70,15.00,14.70,14.80,4560000,0
"October 09, 2015",14.70,15.00,14.70,14.80,4560000,0
"October 12, 2015",14.80,15.05,14.60,14.95,6520000,0
"October 12, 2015",14.80,15.05,14.60,14.95,6520000,0
"October 13, 2015",14.95,15.15,14.70,15.00,3950000,0
"October 13, 2015",14.95,15.15,14.70,15.00,3950000,0
"October 14, 2015",15.00,15.00,14.20,14.70,5940000,0
"October 14, 2015",15.00,15.00,14.20,14.70,5940000,0
"October 15, 2015",14.70,15.00,14.20,14.40,6010000,0
"October 15, 2015",14.70,15.00,14.20,14.40,6010000,0
"October 16, 2015",14.40,14.75,14.20,14.55,7000000,0
"October 16, 2015",14.40,14.75,14.20,14.55,7000000,0
"October 16, 2015",14.40,14.75,14.20,14.55,7000000,0
"October 19, 2015",14.55,15.05,14.50,14.75,2030000,0
"October 19, 2015",14.55,15.05,14.50,14.75,2030000,0
"October 19, 2015",14.55,15.05,14.50,14.75,2030000,0
"October 19, 2015",14.55,15.05,14.50,14.75,2030000,0
"October 21, 2015",14.75,15.10,14.60,15.00,8540000,0
"October 21, 2015",14.75,15.10,14.60,15.00,8540000,0
"October 22, 2015",15.00,15.10,14.75,14.95,2050000,0
"October 22, 2015",15.00,15.10,14.75,14.95,2050000,0
"October 23, 2015",14.95,15.05,14.90,14.95,3190000,0
"October 23, 2015",14.95,15.05,14.90,14.95,3190000,0
"October 26, 2015",14.95,14.95,14.50,14.50,4250000,0
"October 26, 2015",14.95,14.95,14.50,14.50,4250000,0
"October 27, 2015",14.50,14.65,14.50,14.50,5260000,0
"October 27, 2015",14.50,14.65,14.50,14.50,5260000,0
"October 28, 2015",14.50,14.80,14.50,14.50,9800000,0
"October 28, 2015",14.50,14.80,14.50,14.50,9800000,0
"October 29, 2015",14.50,14.60,14.25,14.40,5930000,0
"October 29, 2015",14.50,14.60,14.25,14.40,5930000,0
"October 30, 2015",14.40,14.50,14.20,14.35,8010000,0
"October 30, 2015",14.40,14.50,14.20,14.35,8010000,0
"December 21, 2015",16.70,16.90,16.50,16.70,6630000,0
