Date,Open,High,Low,Close,volume,Adj Close
2015-09-30,146.86,146.92,146.92,146.92,22.48,0.00
2015-09-29,148.10,146.86,146.86,146.86,26.55,0.00
2015-09-28,148.30,148.10,148.10,148.10,20.08,0.00
2015-09-25,148.30,148.30,148.30,148.30,0.00,0.00
2015-09-24,147.29,148.30,148.30,148.30,11.81,0.00
2015-09-23,147.29,147.29,147.29,147.29,14.74,0.00
2015-09-22,147.19,147.29,147.29,147.29,16.13,0.00
2015-09-21,147.19,147.19,147.19,147.19,0.00,0.00
2015-09-18,148.28,147.19,147.19,147.19,15.15,0.00
2015-09-17,148.68,148.28,148.28,148.28,16.94,0.00
2015-09-16,149.14,148.68,148.68,148.68,19.59,0.00
2015-09-15,147.58,149.14,149.14,149.14,24.99,0.00
2015-09-14,146.19,147.58,147.58,147.58,13.51,0.00
2015-09-10,145.64,146.19,146.19,146.19,20.38,0.00
2015-09-09,145.64,145.64,145.64,145.64,66.99,0.00
2015-09-08,145.11,145.64,145.64,145.64,0.00,0.00
2015-09-07,144.04,145.11,145.11,145.11,19.13,0.00
2015-09-04,144.95,144.04,144.04,144.04,17.51,0.00
2015-09-03,143.12,144.95,144.95,144.95,12.36,0.00
2015-09-02,142.80,143.12,143.12,143.12,19.26,0.00
2015-09-01,142.80,142.80,142.80,142.80,10.14,0.00
2015-08-31,162.75,142.80,142.80,142.80,12.91,0.00
2015-08-28,137.51,162.75,162.75,162.75,53.08,0.00
2015-08-27,139.43,137.51,137.51,137.51,29.88,0.00
2015-08-26,142.80,139.43,139.43,139.43,17.94,0.00
2015-08-25,146.40,142.80,142.80,142.80,15.70,0.00
2015-08-24,149.66,146.40,146.40,146.40,14.51,0.00
2015-08-21,151.01,149.66,149.66,149.66,57.31,0.00
2015-08-20,151.01,151.01,151.01,151.01,97.13,0.00
2015-08-19,151.63,151.01,151.01,151.01,22.36,0.00
2015-08-18,152.04,151.63,151.63,151.63,15.89,0.00
2015-08-17,152.09,152.04,152.04,152.04,19.72,0.00
2015-08-14,153.38,152.09,152.09,152.09,29.56,0.00
2015-08-13,154.61,153.38,153.38,153.38,22.35,0.00
2015-08-12,154.91,154.61,154.61,154.61,12.84,0.00
2015-08-11,153.74,154.91,154.91,154.91,28.91,0.00
2015-08-10,150.45,153.74,153.74,153.74,19.15,0.00
2015-08-07,145.82,150.45,150.45,150.45,17.33,0.00
2015-08-06,145.82,145.82,145.82,145.82,0.00,0.00
2015-08-05,146.25,145.82,145.82,145.82,63.97,0.00
2015-08-04,147.04,146.25,146.25,146.25,105.69,0.00
2015-08-03,148.39,147.04,147.04,147.04,28.11,0.00
2015-07-31,156.31,148.39,148.39,148.39,39.53,0.00
2015-07-30,152.22,156.31,156.31,156.31,11.05,0.00
2015-07-29,153.10,152.22,152.22,152.22,35.36,0.00
2015-07-28,153.02,153.10,153.10,153.10,33.64,0.00
2015-07-27,153.18,153.02,153.02,153.02,0.00,0.00
2015-07-24,154.25,153.18,153.18,153.18,21.14,0.00
2015-07-23,155.74,154.25,154.25,154.25,20.82,0.00
2015-07-22,156.31,155.74,155.74,155.74,13.39,0.00
2015-07-21,156.32,156.31,156.31,156.31,41.54,0.00
2015-07-20,155.96,156.32,156.32,156.32,26.97,0.00
2015-07-17,156.59,155.96,155.96,155.96,20.92,0.00
2015-07-16,158.45,156.59,156.59,156.59,27.13,0.00
2015-07-15,158.39,158.45,158.45,158.45,83.07,0.00
2015-07-14,159.44,158.39,158.39,158.39,30.53,0.00
2015-07-13,159.44,159.44,159.44,159.44,23.51,0.00
2015-07-09,160.24,159.59,159.59,159.59,73.59,0.00
2015-07-08,161.61,160.24,160.24,160.24,60.49,0.00
2015-07-07,161.43,161.61,161.61,161.61,20.68,0.00
2015-07-06,161.50,161.43,161.43,161.43,35.16,0.00
2015-07-03,162.35,161.50,161.50,161.50,7.41,0.00
2015-07-02,163.21,162.35,162.35,162.35,13.38,0.00
2015-07-01,164.41,163.21,163.21,163.21,30.28,0.00
2015-06-30,163.08,164.41,164.41,164.41,180.76,0.00
2015-06-29,162.51,163.08,163.08,163.08,18.82,0.00
2015-06-26,162.68,162.51,162.51,162.51,18.12,0.00
2015-06-25,162.27,162.68,162.68,162.68,50.13,0.00
2015-06-24,162.27,162.27,162.27,162.27,45.36,0.00
2015-06-23,163.34,162.27,162.27,162.27,27.41,0.00
2015-06-22,162.40,163.34,163.34,163.34,18.62,0.00
2015-06-19,163.02,162.40,162.40,162.40,23.78,0.00
2015-06-18,163.02,163.02,163.02,163.02,54.56,0.00
2015-06-17,162.88,163.02,163.02,163.02,7.80,0.00
2015-06-16,162.75,162.88,162.88,162.88,18.88,0.00
2015-06-15,162.89,162.75,162.75,162.75,11.56,0.00
2015-06-12,162.70,162.89,162.89,162.89,17.91,0.00
2015-06-11,162.65,162.70,162.70,162.70,26.12,0.00
2015-06-10,162.36,162.65,162.65,162.65,19.97,0.00
2015-06-09,162.53,162.36,162.36,162.36,27.72,0.00
2015-06-08,163.78,162.53,162.53,162.53,27.49,0.00
2015-06-05,164.22,163.78,163.78,163.78,12.00,0.00
2015-06-04,164.23,164.22,164.22,164.22,20.41,0.00
2015-06-03,164.25,164.23,164.23,164.23,34.35,0.00
2015-06-02,162.13,164.25,164.25,164.25,18.86,0.00
2015-05-29,161.31,162.13,162.13,162.13,58.26,0.00
2015-05-28,161.31,161.31,161.31,161.31,24.25,0.00
2015-05-27,162.80,161.31,161.31,161.31,76.03,0.00
2015-05-26,164.14,162.80,162.80,162.80,25.20,0.00
2015-05-25,164.92,164.14,164.14,164.14,19.51,0.00
2015-05-22,166.48,164.92,164.92,164.92,19.51,0.00
2015-05-21,167.38,166.48,166.48,166.48,19.13,0.00
2015-05-20,167.83,167.38,167.38,167.38,37.98,0.00
2015-05-19,167.48,167.83,167.83,167.83,19.46,0.00
2015-05-18,167.73,167.48,167.48,167.48,16.93,0.00
2015-05-15,167.82,167.73,167.73,167.73,37.97,0.00
2015-05-14,167.27,167.82,167.82,167.82,35.68,0.00
2015-05-13,170.65,167.27,167.27,167.27,39.74,0.00
2015-05-12,170.65,170.65,170.65,170.65,40.78,0.00
2015-05-11,171.47,170.65,170.65,170.65,25.99,0.00
2015-05-08,171.52,171.47,171.47,171.47,48.90,0.00
2015-05-07,173.49,171.52,171.52,171.52,38.33,0.00
2015-05-06,173.94,173.49,173.49,173.49,25.73,0.00
2015-05-05,173.14,173.94,173.94,173.94,20.41,0.00
2015-05-04,172.35,173.14,173.14,173.14,53.91,0.00
2015-04-30,172.35,172.35,172.35,172.35,16.63,0.00
2015-04-29,171.70,172.35,172.35,172.35,34.96,0.00
2015-04-28,171.59,171.70,171.70,171.70,12.33,0.00
2015-04-27,172.55,171.59,171.59,171.59,11.00,0.00
2015-04-24,171.58,172.55,172.55,172.55,28.25,0.00
2015-04-23,171.79,171.58,171.58,171.58,24.65,0.00
2015-04-22,172.96,171.79,171.79,171.79,16.62,0.00
2015-04-21,173.68,172.96,172.96,172.96,18.54,0.00
2015-04-20,173.20,173.68,173.68,173.68,11.90,0.00
2015-04-17,171.57,173.20,173.20,173.20,23.09,0.00
2015-04-16,170.78,171.57,171.57,171.57,15.66,0.00
2015-04-15,170.78,170.78,170.78,170.78,11.43,0.00
2015-04-14,170.31,170.78,170.78,170.78,17.03,0.00
2015-04-13,169.61,170.31,170.31,170.31,13.44,0.00
2015-04-10,170.46,169.61,169.61,169.61,37.99,0.00
2015-04-09,170.80,170.46,170.46,170.46,32.05,0.00
2015-04-08,171.15,170.80,170.80,170.80,37.40,0.00
2015-04-07,173.39,171.15,171.15,171.15,36.34,0.00
2015-04-02,175.22,173.39,173.39,173.39,35.56,0.00
2015-04-01,175.11,175.22,175.22,175.22,52.88,0.00
2015-03-31,174.83,175.11,175.11,175.11,25.16,0.00
2015-03-30,174.16,174.83,174.83,174.83,17.19,0.00
2015-03-27,173.73,174.16,174.16,174.16,23.56,0.00
2015-03-26,173.05,173.73,173.73,173.73,42.82,0.00
2015-03-25,172.57,173.05,173.05,173.05,25.65,0.00
2015-03-24,172.02,172.57,172.57,172.57,24.99,0.00
2015-03-23,172.47,172.02,172.02,172.02,17.05,0.00
2015-03-20,173.50,172.47,172.47,172.47,18.10,0.00
2015-03-19,172.63,173.50,173.50,173.50,32.10,0.00
2015-03-18,171.99,172.63,172.63,172.63,22.00,0.00
2015-03-17,171.66,171.99,171.99,171.99,26.82,0.00
2015-03-16,172.01,171.66,171.66,171.66,21.69,0.00
2015-03-13,172.42,172.01,172.01,172.01,22.79,0.00
2015-03-12,172.71,172.42,172.42,172.42,27.32,0.00
2015-03-11,172.52,172.71,172.71,172.71,19.35,0.00
2015-03-10,171.67,172.52,172.52,172.52,36.82,0.00
2015-03-09,172.51,171.67,171.67,171.67,17.30,0.00
2015-03-06,172.28,172.51,172.51,172.51,36.47,0.00
2015-03-05,172.80,172.28,172.28,172.28,28.29,0.00
2015-03-04,173.07,172.80,172.80,172.80,45.39,0.00
2015-03-03,174.70,173.07,173.07,173.07,57.35,0.00
2015-03-02,175.70,174.70,174.70,174.70,25.92,0.00
2015-02-27,177.51,175.70,175.70,175.70,45.50,0.00
2015-02-26,177.51,177.51,177.51,177.51,40.90,0.00
2015-02-25,176.82,177.51,177.51,177.51,55.82,0.00
2015-02-24,175.81,176.82,176.82,176.82,19.53,0.00
2015-02-23,176.00,175.81,175.81,175.81,28.11,0.00
2015-02-20,175.65,176.00,176.00,176.00,23.44,0.00
2015-02-19,174.17,175.65,175.65,175.65,22.05,0.00
2015-02-18,172.90,174.17,174.17,174.17,31.04,0.00
2015-02-17,172.45,172.90,172.90,172.90,18.38,0.00
2015-02-16,171.94,172.45,172.45,172.45,10.95,0.00
2015-02-13,171.67,171.94,171.94,171.94,41.98,0.00
2015-02-12,170.09,171.67,171.67,171.67,22.85,0.00
2015-02-11,169.32,170.09,170.09,170.09,30.34,0.00
2015-02-10,169.03,169.32,169.32,169.32,33.26,0.00
2015-02-09,168.19,169.03,169.03,169.03,26.32,0.00
2015-02-06,168.37,168.19,168.19,168.19,27.79,0.00
2015-02-05,167.94,168.37,168.37,168.37,37.33,0.00
2015-02-04,166.85,167.94,167.94,167.94,21.35,0.00
2015-02-03,166.25,166.85,166.85,166.85,29.89,0.00
2015-02-02,165.80,166.25,166.25,166.25,26.32,0.00
2015-01-30,165.23,165.80,165.80,165.80,35.02,0.00
2015-01-29,165.88,165.23,165.23,165.23,21.41,0.00
2015-01-28,165.82,165.88,165.88,165.88,36.73,0.00
2015-01-27,165.61,165.82,165.82,165.82,15.84,0.00
2015-01-26,166.68,165.61,165.61,165.61,17.37,0.00
2015-01-23,165.17,166.68,166.68,166.68,41.19,0.00
2015-01-22,164.78,165.17,165.17,165.17,15.32,0.00
2015-01-21,164.00,164.78,164.78,164.78,16.55,0.00
2015-01-20,165.88,164.00,164.00,164.00,35.24,0.00
2015-01-19,166.81,165.88,165.88,165.88,12.41,0.00
2015-01-16,165.47,166.81,166.81,166.81,20.81,0.00
2015-01-15,166.08,165.47,165.47,165.47,18.43,0.00
2015-01-14,164.76,166.08,166.08,166.08,23.98,0.00
2015-01-13,162.05,164.76,164.76,164.76,19.29,0.00
2015-01-12,162.08,162.05,162.05,162.05,9.71,0.00
2015-01-09,161.78,162.08,162.08,162.08,9.15,0.00
2015-01-08,161.80,161.78,161.78,161.78,12.98,0.00
2015-01-07,161.86,161.80,161.80,161.80,11.34,0.00
2015-01-06,162.17,161.86,161.86,161.86,19.19,0.00
2015-01-05,163.24,162.17,162.17,162.17,7.83,0.00
2015-01-02,162.89,163.24,163.24,163.24,14.47,0.00
2014-12-31,163.25,162.89,162.89,162.89,38.24,0.00
2014-12-30,162.12,163.25,163.25,163.25,33.32,0.00
2014-12-29,160.18,162.12,162.12,162.12,98.45,0.00
2014-12-24,159.10,160.18,160.18,160.18,65.74,0.00
2014-12-23,156.86,159.10,159.10,159.10,53.57,0.00
2014-12-22,156.19,156.86,156.86,156.86,51.54,0.00
2014-12-19,157.56,156.19,156.19,156.19,42.01,0.00
2014-12-18,160.29,157.56,157.56,157.56,38.58,0.00
2014-12-17,162.37,160.29,160.29,160.29,58.99,0.00
2014-12-16,163.52,162.37,162.37,162.37,93.91,0.00
2014-12-11,165.58,163.52,163.52,163.52,33.22,0.00
2014-12-10,166.50,165.58,165.58,165.58,28.53,0.00
2014-12-05,165.84,166.50,166.50,166.50,14.61,0.00
2014-12-04,164.04,165.84,165.84,165.84,28.99,0.00
2014-12-03,164.29,164.04,164.04,164.04,36.43,0.00
2014-12-02,164.15,164.29,164.29,164.29,22.04,0.00
2014-12-01,163.27,164.15,164.15,164.15,45.46,0.00
2014-11-28,163.77,163.27,163.27,163.27,36.91,0.00
2014-11-27,163.02,163.77,163.77,163.77,31.27,0.00
2014-11-26,161.30,163.02,163.02,163.02,28.96,0.00
2014-11-25,161.15,161.30,161.30,161.30,56.71,0.00
2014-11-24,162.06,161.15,161.15,161.15,13.42,0.00
2014-11-21,162.07,162.06,162.06,162.06,26.98,0.00
2014-11-20,162.63,162.07,162.07,162.07,123.81,0.00
2014-11-19,162.93,162.63,162.63,162.63,39.53,0.00
2014-11-18,163.20,162.93,162.93,162.93,17.72,0.00
2014-11-17,163.70,163.20,163.20,163.20,6.85,0.00
2014-11-14,162.63,163.70,163.70,163.70,21.65,0.00
2014-11-13,161.84,162.63,162.63,162.63,25.90,0.00
2014-11-12,160.31,161.84,161.84,161.84,50.10,0.00
2014-11-11,159.48,160.31,160.31,160.31,17.36,0.00
2014-11-07,159.13,159.48,159.48,159.48,36.70,0.00
2014-11-06,159.21,159.13,159.13,159.13,37.14,0.00
2014-11-05,158.59,159.21,159.21,159.21,27.81,0.00
2014-11-04,159.05,158.59,158.59,158.59,26.66,0.00
2014-11-03,159.23,159.05,159.05,159.05,25.41,0.00
2014-10-31,159.68,159.23,159.23,159.23,24.37,0.00
2014-10-30,159.36,159.68,159.68,159.68,23.11,0.00
2014-10-29,158.41,159.36,159.36,159.36,26.08,0.00
2014-10-28,158.76,158.41,158.41,158.41,25.41,0.00
2014-10-27,159.22,158.76,158.76,158.76,15.86,0.00
2014-10-24,160.82,159.22,159.22,159.22,22.91,0.00
2014-10-23,160.58,160.82,160.82,160.82,26.20,0.00
2014-10-22,159.84,160.58,160.58,160.58,21.41,0.00
2014-10-21,160.42,159.84,159.84,159.84,23.85,0.00
2014-10-17,161.59,160.42,160.42,160.42,16.55,0.00
2014-10-16,161.88,161.59,161.59,161.59,24.19,0.00
2014-10-15,161.95,161.88,161.88,161.88,17.34,0.00
2014-10-14,161.95,161.95,161.95,161.95,24.78,0.00
2014-10-13,162.54,161.95,161.95,161.95,30.05,0.00
2014-10-10,162.42,162.54,162.54,162.54,27.05,0.00
2014-10-09,162.65,162.42,162.42,162.42,20.11,0.00
2014-10-08,163.27,162.65,162.65,162.65,38.80,0.00
2014-10-07,163.49,163.27,163.27,163.27,17.64,0.00
2014-10-06,163.66,163.49,163.49,163.49,11.72,0.00
2014-10-03,163.63,163.66,163.66,163.66,16.85,0.00
2014-10-02,164.23,163.63,163.63,163.63,22.22,0.00
2014-10-01,163.45,164.23,164.23,164.23,31.61,0.00
2014-09-30,163.40,163.45,163.45,163.45,39.92,0.00
2014-09-29,162.35,163.40,163.40,163.40,25.21,0.00
2014-09-26,161.92,162.35,162.35,162.35,33.33,0.00
2014-09-25,163.69,161.92,161.92,161.92,30.81,0.00
2014-09-24,165.45,163.69,163.69,163.69,32.65,0.00
2014-09-23,165.36,165.45,165.45,165.45,67.09,0.00
2014-09-22,162.80,165.36,165.36,165.36,52.77,0.00
2014-09-19,161.10,162.80,162.80,162.80,56.29,0.00
2014-09-18,159.93,161.10,161.10,161.10,27.03,0.00
2014-09-17,161.33,159.93,159.93,159.93,48.56,0.00
2014-09-16,160.72,161.33,161.33,161.33,61.77,0.00
2014-09-15,159.43,160.72,160.72,160.72,39.68,0.00
2014-09-12,159.34,159.43,159.43,159.43,32.60,0.00
2014-09-11,159.94,159.34,159.34,159.34,30.47,0.00
2014-09-10,159.82,159.94,159.94,159.94,54.65,0.00
2014-09-09,159.78,159.82,159.82,159.82,30.28,0.00
2014-09-08,159.44,159.78,159.78,159.78,12.03,0.00
2014-09-05,159.51,159.44,159.44,159.44,9.75,0.00
2014-09-04,160.24,159.51,159.51,159.51,21.19,0.00
2014-09-03,159.82,160.24,160.24,160.24,25.55,0.00
2014-09-02,159.12,159.82,159.82,159.82,18.82,0.00
2014-09-01,157.94,159.12,159.12,159.12,19.11,0.00
2014-08-29,157.09,157.94,157.94,157.94,28.16,0.00
2014-08-28,157.32,157.09,157.09,157.09,23.68,0.00
2014-08-27,157.17,157.32,157.32,157.32,45.32,0.00
2014-08-26,156.77,157.17,157.17,157.17,13.74,0.00
2014-08-25,156.43,156.77,156.77,156.77,20.91,0.00
2014-08-22,156.58,156.43,156.43,156.43,76.87,0.00
2014-08-21,156.58,156.58,156.58,156.58,68.46,0.00
2014-08-20,156.14,156.58,156.58,156.58,21.45,0.00
2014-08-19,155.71,156.14,156.14,156.14,27.49,0.00
2014-08-18,155.39,155.71,155.71,155.71,36.26,0.00
2014-08-15,154.50,155.39,155.39,155.39,14.61,0.00
2014-08-14,154.50,154.50,154.50,154.50,19.74,0.00
2014-08-13,154.40,154.50,154.50,154.50,13.69,0.00
2014-08-12,154.41,154.40,154.40,154.40,14.59,0.00
2014-08-11,154.53,154.41,154.41,154.41,17.34,0.00
2014-08-08,155.83,154.53,154.53,154.53,25.14,0.00
2014-08-07,156.68,155.83,155.83,155.83,41.84,0.00
2014-08-06,155.39,156.68,156.68,156.68,30.10,0.00
2014-08-05,153.62,155.39,155.39,155.39,41.64,0.00
2014-08-04,153.18,153.62,153.62,153.62,19.08,0.00
2014-08-01,151.69,153.18,153.18,153.18,28.42,0.00
2014-07-31,151.57,151.69,151.69,151.69,25.77,0.00
2014-07-30,150.40,151.57,151.57,151.57,18.71,0.00
2014-07-28,151.42,150.40,150.40,150.40,15.17,0.00
2014-07-25,151.01,151.42,151.42,151.42,35.35,0.00
2014-07-24,151.53,151.01,151.01,151.01,18.41,0.00
2014-07-23,150.77,151.53,151.53,151.53,22.37,0.00
2014-07-22,151.07,150.77,150.77,150.77,34.36,0.00
2014-07-21,151.55,151.07,151.07,151.07,36.37,0.00
2014-07-18,151.03,151.55,151.55,151.55,26.22,0.00
2014-07-17,150.49,151.03,151.03,151.03,39.71,0.00
2014-07-16,151.12,150.49,150.49,150.49,27.09,0.00
2014-07-15,151.19,151.12,151.12,151.12,24.38,0.00
2014-07-14,151.12,151.19,151.19,151.19,17.22,0.00
2014-07-11,151.93,151.12,151.12,151.12,14.51,0.00
2014-07-10,152.20,151.93,151.93,151.93,24.34,0.00
2014-07-09,152.29,152.20,152.20,152.20,25.34,0.00
2014-07-08,152.02,152.29,152.29,152.29,81.85,0.00
2014-07-07,152.09,152.02,152.02,152.02,32.92,0.00
2014-07-04,152.63,152.09,152.09,152.09,13.58,0.00
2014-07-03,153.64,152.63,152.63,152.63,18.06,0.00
2014-07-02,152.11,153.64,153.64,153.64,39.03,0.00
2014-07-01,150.37,152.11,152.11,152.11,34.60,0.00
2014-06-30,149.69,150.37,150.37,150.37,21.10,0.00
2014-06-27,149.52,149.69,149.69,149.69,39.32,0.00
2014-06-26,149.66,149.52,149.52,149.52,35.77,0.00
2014-06-25,149.92,149.66,149.66,149.66,31.81,0.00
2014-06-24,150.17,149.92,149.92,149.92,43.17,0.00
2014-06-23,149.72,150.17,150.17,150.17,27.87,0.00
2014-06-20,149.41,149.72,149.72,149.72,44.13,0.00
2014-06-19,149.02,149.41,149.41,149.41,32.23,0.00
2014-06-18,148.84,149.02,149.02,149.02,72.92,0.00
2014-06-17,149.47,148.84,148.84,148.84,22.78,0.00
2014-06-16,150.60,149.47,149.47,149.47,20.98,0.00
2014-06-13,150.04,150.60,150.60,150.60,19.45,0.00
2014-06-12,150.09,150.04,150.04,150.04,28.59,0.00
2014-06-11,150.24,150.09,150.09,150.09,33.59,0.00
2014-06-10,149.61,150.24,150.24,150.24,43.37,0.00
2014-06-09,149.24,149.61,149.61,149.61,28.14,0.00
2014-06-04,149.12,149.24,149.24,149.24,33.82,0.00
2014-06-03,150.20,149.12,149.12,149.12,72.29,0.00
2014-05-30,149.84,150.20,150.20,150.20,35.69,0.00
2014-05-29,149.17,149.84,149.84,149.84,75.51,0.00
2014-05-28,149.24,149.17,149.17,149.17,44.05,0.00
2014-05-27,149.41,149.24,149.24,149.24,30.86,0.00
2014-05-26,149.80,149.41,149.41,149.41,16.01,0.00
2014-05-23,150.05,149.80,149.80,149.80,13.59,0.00
2014-05-22,150.31,150.05,150.05,150.05,32.83,0.00
2014-05-21,150.51,150.31,150.31,150.31,73.08,0.00
2014-05-20,150.58,150.51,150.51,150.51,33.53,0.00
2014-05-19,151.15,150.58,150.58,150.58,15.44,0.00
2014-05-16,150.73,151.15,151.15,151.15,70.76,0.00
2014-05-15,151.28,150.73,150.73,150.73,73.45,0.00
2014-05-14,152.27,151.28,151.28,151.28,30.80,0.00
2014-05-13,152.67,152.27,152.27,152.27,37.13,0.00
2014-05-12,151.95,152.67,152.67,152.67,20.27,0.00
2014-05-09,151.78,151.95,151.95,151.95,53.93,0.00
2014-05-08,151.77,151.78,151.78,151.78,57.62,0.00
2014-05-07,151.43,151.77,151.77,151.77,31.56,0.00
2014-05-06,151.60,151.43,151.43,151.43,52.33,0.00
2014-05-05,151.85,151.60,151.60,151.60,27.43,0.00
2014-05-02,151.13,151.85,151.85,151.85,27.76,0.00
2014-04-30,151.18,151.13,151.13,151.13,82.64,0.00
2014-04-29,150.45,151.18,151.18,151.18,30.22,0.00
2014-04-28,150.46,150.45,150.45,150.45,29.59,0.00
2014-04-25,149.95,150.46,150.46,150.46,56.38,0.00
2014-04-24,148.46,149.95,149.95,149.95,34.64,0.00
2014-04-23,148.22,148.46,148.46,148.46,43.82,0.00
2014-04-22,148.11,148.22,148.22,148.22,23.37,0.00
2014-04-17,147.37,148.11,148.11,148.11,16.47,0.00
2014-04-16,146.42,147.37,147.37,147.37,31.86,0.00
2014-04-15,145.41,146.42,146.42,146.42,24.53,0.00
2014-04-14,145.14,145.41,145.41,145.41,29.05,0.00
2014-04-11,144.36,145.14,145.14,145.14,141.11,0.00
2014-04-10,143.68,144.36,144.36,144.36,30.13,0.00
2014-04-09,142.87,143.68,143.68,143.68,20.42,0.00
2014-04-08,142.79,142.87,142.87,142.87,28.82,0.00
2014-04-07,143.40,142.79,142.79,142.79,29.50,0.00
2014-04-04,143.91,143.40,143.40,143.40,25.52,0.00
2014-04-03,143.77,143.91,143.91,143.91,24.09,0.00
2014-04-02,143.89,143.77,143.77,143.77,12.47,0.00
2014-03-31,144.38,143.89,143.89,143.89,25.05,0.00
2014-03-28,144.55,144.38,144.38,144.38,34.45,0.00
2014-03-27,144.99,144.55,144.55,144.55,14.83,0.00
2014-03-26,144.73,144.99,144.99,144.99,29.43,0.00
2014-03-25,149.63,144.73,144.73,144.73,14.38,0.00
2014-03-24,144.50,149.63,149.63,149.63,19.87,0.00
2014-03-21,144.50,144.50,144.50,144.50,44.92,0.00
2014-03-20,143.72,144.50,144.50,144.50,41.86,0.00
2014-03-19,142.98,143.72,143.72,143.72,18.28,0.00
2014-03-18,142.94,142.98,142.98,142.98,27.80,0.00
2014-03-17,143.57,142.94,142.94,142.94,21.53,0.00
2014-03-14,144.29,143.57,143.57,143.57,21.16,0.00
2014-03-13,142.31,144.29,144.29,144.29,26.88,0.00
2014-03-12,141.88,142.31,142.31,142.31,24.24,0.00
2014-03-11,141.85,141.88,141.88,141.88,19.77,0.00
2014-03-10,140.87,141.85,141.85,141.85,14.78,0.00
2014-03-07,140.94,140.87,140.87,140.87,27.71,0.00
2014-03-06,140.12,140.94,140.94,140.94,39.37,0.00
2014-03-05,140.36,140.12,140.12,140.12,34.90,0.00
2014-03-04,140.85,140.36,140.36,140.36,20.94,0.00
2014-03-03,141.05,140.85,140.85,140.85,21.80,0.00
2014-02-28,141.11,141.05,141.05,141.05,40.21,0.00
2014-02-27,141.04,141.11,141.11,141.11,20.98,0.00
2014-02-26,140.65,141.04,141.04,141.04,44.27,0.00
2014-02-25,139.57,140.65,140.65,140.65,28.96,0.00
2014-02-24,138.44,139.57,139.57,139.57,22.19,0.00
2014-02-21,137.00,138.44,138.44,138.44,27.47,0.00
2014-02-20,136.37,137.00,137.00,137.00,40.13,0.00
2014-02-19,135.67,136.37,136.37,136.37,26.20,0.00
2014-02-18,136.51,135.67,135.67,135.67,18.82,0.00
2014-02-17,137.70,136.51,136.51,136.51,17.06,0.00
2014-02-14,137.71,137.70,137.70,137.70,11.22,0.00
2014-02-13,138.17,137.71,137.71,137.71,27.59,0.00
2014-02-12,138.08,138.17,138.17,138.17,23.93,0.00
2014-02-11,137.26,138.08,138.08,138.08,31.87,0.00
2014-02-10,137.35,137.26,137.26,137.26,24.02,0.00
2014-02-07,137.72,137.35,137.35,137.35,24.63,0.00
2014-02-06,136.72,137.72,137.72,137.72,43.11,0.00
2014-02-05,136.51,136.72,136.72,136.72,13.01,0.00
2014-02-04,134.58,136.51,136.51,136.51,31.61,0.00
2014-02-03,134.66,134.58,134.58,134.58,27.96,0.00
2014-01-31,139.06,134.66,134.66,134.66,35.76,0.00
2014-01-30,141.27,139.06,139.06,139.06,52.14,0.00
2014-01-29,143.36,141.27,141.27,141.27,33.20,0.00
2014-01-28,144.40,143.36,143.36,143.36,31.17,0.00
2014-01-27,144.57,144.40,144.40,144.40,63.88,0.00
2014-01-24,142.73,144.57,144.57,144.57,29.41,0.00
2014-01-23,142.73,142.73,142.73,142.73,31.48,0.00
2014-01-22,141.85,142.73,142.73,142.73,25.46,0.00
2014-01-21,141.11,141.85,141.85,141.85,34.02,0.00
2014-01-20,140.28,141.11,141.11,141.11,31.23,0.00
2014-01-17,140.35,140.28,140.28,140.28,14.09,0.00
2014-01-16,141.01,140.35,140.35,140.35,23.13,0.00
2014-01-15,140.79,141.01,141.01,141.01,28.52,0.00
2014-01-14,140.69,140.79,140.79,140.79,21.85,0.00
2014-01-13,141.50,140.69,140.69,140.69,28.59,0.00
2014-01-10,141.59,141.50,141.50,141.50,44.42,0.00
2014-01-09,140.35,141.59,141.59,141.59,41.96,0.00
2014-01-08,139.63,140.35,140.35,140.35,15.98,0.00
2014-01-07,138.50,139.63,139.63,139.63,12.39,0.00
2014-01-06,136.74,138.50,138.50,138.50,16.88,0.00
2014-01-03,136.56,136.74,136.74,136.74,11.58,0.00
2014-01-02,136.65,136.56,136.56,136.56,11.30,0.00
2013-12-31,135.83,136.65,136.65,136.65,14.61,0.00
2013-12-30,135.12,135.83,135.83,135.83,20.35,0.00
2013-12-27,135.22,135.12,135.12,135.12,13.27,0.00
2013-12-24,132.73,135.22,135.22,135.22,7.87,0.00
2013-12-23,132.17,132.73,132.73,132.73,11.15,0.00
2013-12-20,132.06,132.17,132.17,132.17,21.05,0.00
2013-12-19,132.23,132.06,132.06,132.06,28.61,0.00
2013-12-18,132.14,132.23,132.23,132.23,34.10,0.00
2013-12-17,133.53,132.14,132.14,132.14,45.71,0.00
2013-12-16,133.92,133.53,133.53,133.53,27.86,0.00
2013-12-11,134.62,133.92,133.92,133.92,37.25,0.00
2013-12-10,136.22,134.62,134.62,134.62,42.97,0.00
2013-12-09,136.70,136.22,136.22,136.22,21.88,0.00
2013-12-06,137.91,136.70,136.70,136.70,28.50,0.00
2013-12-05,139.86,137.91,137.91,137.91,36.58,0.00
2013-12-04,140.66,139.86,139.86,139.86,29.64,0.00
2013-12-03,140.84,140.66,140.66,140.66,31.18,0.00
2013-12-02,141.17,140.84,140.84,140.84,13.62,0.00
2013-11-29,142.58,141.17,141.17,141.17,14.01,0.00
2013-11-28,141.86,142.58,142.58,142.58,23.77,0.00
2013-11-27,141.08,141.86,141.86,141.86,30.02,0.00
2013-11-26,140.08,141.08,141.08,141.08,80.27,0.00
2013-11-25,138.83,140.08,140.08,140.08,28.50,0.00
2013-11-22,138.14,138.83,138.83,138.83,49.79,0.00
2013-11-21,136.26,138.14,138.14,138.14,36.88,0.00
2013-11-20,135.67,136.26,136.26,136.26,18.73,0.00
2013-11-19,135.57,135.67,135.67,135.67,22.65,0.00
2013-11-18,135.13,135.57,135.57,135.57,19.42,0.00
2013-11-15,134.69,135.13,135.13,135.13,19.18,0.00
2013-11-13,134.64,134.69,134.69,134.69,21.29,0.00
2013-11-12,134.52,134.64,134.64,134.64,27.23,0.00
2013-11-11,134.71,134.52,134.52,134.52,17.62,0.00
2013-11-08,134.70,134.71,134.71,134.71,30.03,0.00
2013-11-06,134.26,134.70,134.70,134.70,54.48,0.00
2013-11-05,134.27,134.26,134.26,134.26,28.98,0.00
2013-11-04,133.87,134.27,134.27,134.27,38.49,0.00
2013-11-01,132.03,133.87,133.87,133.87,18.31,0.00
2013-10-30,130.73,132.03,132.03,132.03,39.92,0.00
2013-10-28,131.06,130.73,130.73,130.73,14.24,0.00
2013-10-25,131.56,131.06,131.06,131.06,24.67,0.00
2013-10-23,131.03,131.56,131.56,131.56,59.26,0.00
2013-10-22,131.32,131.03,131.03,131.03,16.43,0.00
2013-10-18,130.67,131.32,131.32,131.32,32.14,0.00
2013-10-17,130.87,130.67,130.67,130.67,12.58,0.00
2013-10-16,130.90,130.87,130.87,130.87,29.79,0.00
2013-10-15,131.31,130.90,130.90,130.90,40.02,0.00
2013-10-14,131.87,131.31,131.31,131.31,38.22,0.00
2013-10-11,132.82,131.87,131.87,131.87,77.45,0.00
2013-10-09,131.36,132.82,132.82,132.82,46.19,0.00
2013-10-08,131.36,131.36,131.36,131.36,54.65,0.00
2013-10-07,129.90,131.36,131.36,131.36,46.24,0.00
2013-10-04,129.20,129.90,129.90,129.90,29.69,0.00
2013-10-03,128.59,129.20,129.20,129.20,35.18,0.00
2013-10-02,127.69,128.59,128.59,128.59,53.16,0.00
2013-09-30,126.05,127.35,127.35,127.35,18.86,0.00
2013-09-27,125.50,126.05,126.05,126.05,13.85,0.00
2013-09-26,124.21,125.50,125.50,125.50,19.25,0.00
2013-09-25,124.21,124.21,124.21,124.21,42.18,0.00
2013-09-24,124.26,124.21,124.21,124.21,38.62,0.00
2013-09-23,124.66,124.26,124.26,124.26,14.22,0.00
2013-09-20,123.80,124.66,124.66,124.66,28.46,0.00
2013-09-19,123.11,123.80,123.80,123.80,18.39,0.00
2013-09-18,122.81,123.11,123.11,123.11,20.94,0.00
2013-09-17,122.38,122.81,122.81,122.81,32.90,0.00
2013-09-16,122.86,122.38,122.38,122.38,20.86,0.00
2013-09-13,122.88,122.86,122.86,122.86,23.31,0.00
2013-09-12,122.92,122.88,122.88,122.88,23.98,0.00
2013-09-11,123.12,122.92,122.92,122.92,30.02,0.00
2013-09-10,122.76,123.12,123.12,123.12,11.20,0.00
2013-09-09,122.30,122.76,122.76,122.76,23.74,0.00
2013-09-06,121.82,122.30,122.30,122.30,52.30,0.00
2013-09-05,119.86,121.82,121.82,121.82,17.24,0.00
2013-09-04,119.86,119.86,119.86,119.86,20.76,0.00
2013-09-03,119.47,119.86,119.86,119.86,9.78,0.00
2013-09-02,119.96,119.47,119.47,119.47,7.84,0.00
2013-08-30,120.39,119.96,119.96,119.96,24.55,0.00
2013-08-29,121.24,120.39,120.39,120.39,129.39,0.00
2013-08-28,122.85,121.24,121.24,121.24,38.57,0.00
2013-08-27,124.36,122.85,122.85,122.85,17.19,0.00
2013-08-26,124.47,124.36,124.36,124.36,39.03,0.00
2013-08-23,124.36,124.47,124.47,124.47,19.70,0.00
2013-08-22,125.82,124.36,124.36,124.36,18.95,0.00
2013-08-20,126.21,125.82,125.82,125.82,20.58,0.00
2013-08-19,125.95,126.21,126.21,126.21,31.90,0.00
2013-08-16,125.77,125.95,125.95,125.95,54.91,0.00
2013-08-15,125.31,125.77,125.77,125.77,32.00,0.00
2013-08-14,124.82,125.31,125.31,125.31,57.44,0.00
2013-08-13,125.39,124.82,124.82,124.82,14.06,0.00
2013-08-12,124.67,125.39,125.39,125.39,15.29,0.00
2013-08-08,123.55,124.67,124.67,124.67,28.14,0.00
2013-08-07,123.35,123.55,123.55,123.55,25.06,0.00
2013-08-06,123.29,123.35,123.35,123.35,9.21,0.00
2013-08-05,123.30,123.29,123.29,123.29,21.41,0.00
2013-08-02,123.03,123.30,123.30,123.30,22.50,0.00
2013-08-01,122.86,123.03,123.03,123.03,19.15,0.00
2013-07-31,123.63,122.86,122.86,122.86,22.37,0.00
2013-07-30,123.23,123.63,123.63,123.63,22.66,0.00
2013-07-29,123.71,123.23,123.23,123.23,16.59,0.00
2013-07-26,123.22,123.71,123.71,123.71,8.72,0.00
2013-07-25,123.21,123.22,123.22,123.22,20.60,0.00
2013-07-24,122.92,123.21,123.21,123.21,21.26,0.00
2013-07-23,123.48,122.92,122.92,122.92,30.58,0.00
2013-07-22,123.70,123.48,123.48,123.48,16.74,0.00
2013-07-19,123.42,123.70,123.70,123.70,14.24,0.00
2013-07-18,124.40,123.42,123.42,123.42,43.35,0.00
2013-07-17,123.21,124.40,124.40,124.40,51.49,0.00
2013-07-16,122.51,123.21,123.21,123.21,18.98,0.00
2013-07-15,121.39,122.51,122.51,122.51,23.20,0.00
2013-07-12,119.87,121.39,121.39,121.39,52.53,0.00
2013-07-11,118.85,119.87,119.87,119.87,17.10,0.00
2013-07-10,118.18,118.85,118.85,118.85,28.30,0.00
2013-07-09,118.03,118.18,118.18,118.18,18.63,0.00
2013-07-08,117.34,118.03,118.03,118.03,50.99,0.00
2013-07-05,116.23,117.34,117.34,117.34,23.09,0.00
2013-07-04,115.48,116.23,116.23,116.23,21.16,0.00
2013-07-03,115.44,115.48,115.48,115.48,39.42,0.00
2013-07-02,115.64,115.44,115.44,115.44,36.15,0.00
2013-07-01,116.31,115.64,115.64,115.64,17.94,0.00
2013-06-28,115.33,116.31,116.31,116.31,9.48,0.00
2013-06-27,116.24,115.33,115.33,115.33,37.74,0.00
2013-06-26,117.29,116.24,116.24,116.24,16.44,0.00
2013-06-25,118.38,117.29,117.29,117.29,28.29,0.00
2013-06-24,119.64,118.38,118.38,118.38,18.95,0.00
2013-06-21,120.33,119.64,119.64,119.64,30.51,0.00
2013-06-20,119.62,120.33,120.33,120.33,69.68,0.00
2013-06-19,118.78,119.62,119.62,119.62,76.65,0.00
2013-06-18,119.63,118.78,118.78,118.78,19.79,0.00
2013-06-17,121.27,119.63,119.63,119.63,32.78,0.00
2013-06-14,122.97,121.27,121.27,121.27,21.08,0.00
2013-06-13,124.23,122.97,122.97,122.97,36.64,0.00
2013-06-12,125.24,124.23,124.23,124.23,16.61,0.00
2013-06-11,126.07,125.24,125.24,125.24,32.19,0.00
2013-06-10,126.19,126.07,126.07,126.07,18.67,0.00
2013-06-07,126.58,126.19,126.19,126.19,17.64,0.00
2013-06-06,126.68,126.58,126.58,126.58,20.42,0.00
2013-06-04,126.81,126.68,126.68,126.68,88.17,0.00
2013-06-03,126.80,126.81,126.81,126.81,47.83,0.00
2013-05-31,126.72,126.80,126.80,126.80,49.33,0.00
2013-05-30,126.47,126.72,126.72,126.72,32.40,0.00
2013-05-29,126.76,126.47,126.47,126.47,21.50,0.00
2013-05-28,126.25,126.76,126.76,126.76,13.65,0.00
2013-05-27,126.89,126.25,126.25,126.25,11.15,0.00
2013-05-24,127.77,126.89,126.89,126.89,15.51,0.00
2013-05-23,128.93,127.77,127.77,127.77,20.43,0.00
2013-05-22,127.81,128.93,128.93,128.93,143.62,0.00
2013-05-21,126.72,127.81,127.81,127.81,34.98,0.00
2013-05-20,126.75,126.72,126.72,126.72,8.53,0.00
2013-05-17,126.52,126.75,126.75,126.75,19.32,0.00
2013-05-16,125.16,126.52,126.52,126.52,31.55,0.00
2013-05-15,122.86,125.16,125.16,125.16,83.01,0.00
2013-05-14,122.57,122.86,122.86,122.86,40.05,0.00
2013-05-13,122.52,122.57,122.57,122.57,16.63,0.00
2013-05-10,123.35,122.52,122.52,122.52,48.93,0.00
2013-05-09,122.90,123.35,123.35,123.35,46.89,0.00
2013-05-08,121.95,122.90,122.90,122.90,53.93,0.00
2013-05-07,120.99,121.95,121.95,121.95,46.38,0.00
2013-05-06,120.06,120.99,120.99,120.99,44.76,0.00
2013-05-03,119.49,120.06,120.06,120.06,45.41,0.00
2013-05-02,118.07,119.49,119.49,119.49,39.80,0.00
2013-04-30,117.36,118.07,118.07,118.07,27.19,0.00
2013-04-29,117.41,117.36,117.36,117.36,12.14,0.00
2013-04-26,117.47,117.41,117.41,117.41,19.42,0.00
2013-04-25,118.38,117.47,117.47,117.47,17.86,0.00
2013-04-24,117.98,118.38,118.38,118.38,36.88,0.00
2013-04-23,118.26,117.98,117.98,117.98,21.05,0.00
2013-04-22,118.99,118.26,118.26,118.26,22.34,0.00
2013-04-19,119.46,118.99,118.99,118.99,22.78,0.00
2013-04-18,119.73,119.46,119.46,119.46,53.95,0.00
2013-04-17,120.15,119.73,119.73,119.73,57.39,0.00
2013-04-16,120.94,120.15,120.15,120.15,29.62,0.00
2013-04-15,121.71,120.94,120.94,120.94,14.95,0.00
2013-04-12,122.14,121.71,121.71,121.71,23.92,0.00
2013-04-11,121.53,122.14,122.14,122.14,24.56,0.00
2013-04-10,120.41,121.53,121.53,121.53,38.58,0.00
2013-04-08,120.65,120.41,120.41,120.41,15.74,0.00
2013-04-05,120.45,120.65,120.65,120.65,22.40,0.00
2013-04-04,121.58,120.45,120.45,120.45,23.19,0.00
2013-04-02,117.91,121.58,121.58,121.58,85.87,0.00
2013-03-28,117.23,117.91,117.91,117.91,20.71,0.00
2013-03-27,114.78,117.23,117.23,117.23,35.99,0.00
2013-03-26,114.09,114.78,114.78,114.78,16.35,0.00
2013-03-25,113.45,114.09,114.09,114.09,39.67,0.00
2013-03-22,113.21,113.45,113.45,113.45,14.90,0.00
2013-03-21,113.52,113.21,113.21,113.21,21.53,0.00
2013-03-20,113.20,113.52,113.52,113.52,23.55,0.00
2013-03-19,112.56,113.20,113.20,113.20,33.49,0.00
2013-03-18,113.23,112.56,112.56,112.56,23.59,0.00
2013-03-15,115.93,113.23,113.23,113.23,22.73,0.00
2013-03-14,118.02,115.93,115.93,115.93,41.60,0.00
2013-03-13,119.37,118.02,118.02,118.02,48.55,0.00
2013-03-12,115.37,119.37,119.37,119.37,56.69,0.00
2013-03-11,111.79,115.37,115.37,115.37,33.48,0.00
2013-03-08,110.30,111.79,111.79,111.79,17.53,0.00
2013-03-07,109.28,110.30,110.30,110.30,37.58,0.00
2013-03-06,108.09,109.28,109.28,109.28,34.46,0.00
2013-03-05,107.18,108.09,108.09,108.09,22.61,0.00
2013-03-01,106.91,107.18,107.18,107.18,26.21,0.00
2013-02-28,106.55,106.91,106.91,106.91,14.82,0.00
2013-02-27,105.19,106.55,106.55,106.55,19.67,0.00
2013-02-26,104.92,105.19,105.19,105.19,18.87,0.00
2013-02-25,105.27,104.92,104.92,104.92,15.71,0.00
2013-02-22,105.39,105.27,105.27,105.27,17.15,0.00
2013-02-21,105.13,105.39,105.39,105.39,28.60,0.00
2013-02-20,106.06,105.13,105.13,105.13,75.54,0.00
2013-02-19,106.72,106.06,106.06,106.06,28.81,0.00
2013-02-18,107.58,106.72,106.72,106.72,30.51,0.00
2013-02-15,108.50,107.58,107.58,107.58,17.20,0.00
2013-02-14,109.50,108.50,108.50,108.50,24.35,0.00
2013-02-13,109.23,109.50,109.50,109.50,36.49,0.00
2013-02-12,108.36,109.23,109.23,109.23,41.26,0.00
2013-02-11,107.42,108.36,108.36,108.36,21.86,0.00
2013-02-08,106.23,107.42,107.42,107.42,33.55,0.00
2013-02-07,105.39,106.23,106.23,106.23,79.26,0.00
2013-02-06,104.58,105.39,105.39,105.39,16.29,0.00
2013-02-05,104.30,104.58,104.58,104.58,39.70,0.00
2013-02-04,104.09,104.30,104.30,104.30,9.19,0.00
2013-02-01,103.50,104.09,104.09,104.09,123.36,0.00
2013-01-31,102.79,103.50,103.50,103.50,18.01,0.00
2013-01-30,102.64,102.79,102.79,102.79,32.30,0.00
2013-01-29,102.95,102.64,102.64,102.64,18.64,0.00
2013-01-28,103.03,102.95,102.95,102.95,32.10,0.00
2013-01-25,102.45,103.03,103.03,103.03,17.38,0.00
2013-01-24,103.39,102.45,102.45,102.45,18.84,0.00
2013-01-23,104.10,103.39,103.39,103.39,24.52,0.00
2013-01-22,104.31,104.10,104.10,104.10,30.18,0.00
2013-01-21,104.78,104.31,104.31,104.31,52.57,0.00
2013-01-18,105.82,104.78,104.78,104.78,28.32,0.00
2013-01-17,106.10,105.82,105.82,105.82,32.48,0.00
2013-01-16,104.28,106.10,106.10,106.10,25.24,0.00
2013-01-15,102.76,104.28,104.28,104.28,27.06,0.00
2013-01-14,101.63,102.76,102.76,102.76,20.88,0.00
2013-01-11,101.02,101.63,101.63,101.63,20.30,0.00
2013-01-10,101.03,101.02,101.02,101.02,21.46,0.00
2013-01-09,98.91,101.03,101.03,101.03,30.82,0.00
2013-01-08,97.55,98.91,98.91,98.91,21.95,0.00
2013-01-07,97.30,97.55,97.55,97.55,10.29,0.00
2013-01-04,96.07,97.30,97.30,97.30,15.09,0.00
2013-01-03,95.55,96.07,96.07,96.07,13.92,0.00
2013-01-02,94.86,95.55,95.55,95.55,6.28,0.00
2012-12-31,94.78,94.86,94.86,94.86,5.42,0.00
2012-12-28,94.74,94.78,94.78,94.78,6.88,0.00
2012-12-27,94.24,94.74,94.74,94.74,9.70,0.00
2012-12-24,94.13,94.24,94.24,94.24,15.17,0.00
2012-12-21,94.00,94.13,94.13,94.13,14.80,0.00
2012-12-20,93.80,94.00,94.00,94.00,28.75,0.00
2012-12-19,93.38,93.80,93.80,93.80,22.39,0.00
2012-12-18,93.19,93.38,93.38,93.38,30.36,0.00
2012-12-17,93.03,93.19,93.19,93.19,25.17,0.00
2012-12-14,92.80,93.03,93.03,93.03,16.76,0.00
2012-12-13,92.20,92.80,92.80,92.80,55.03,0.00
2012-12-11,91.87,92.20,92.20,92.20,63.14,0.00
2012-12-10,91.95,91.87,91.87,91.87,13.47,0.00
2012-12-07,91.52,91.95,91.95,91.95,31.24,0.00
2012-12-06,91.86,91.52,91.52,91.52,27.29,0.00
2012-12-05,91.98,91.86,91.86,91.86,21.83,0.00
2012-12-04,92.05,91.98,91.98,91.98,49.10,0.00
2012-12-03,92.20,92.05,92.05,92.05,25.31,0.00
2012-11-30,92.26,92.20,92.20,92.20,30.60,0.00
2012-11-29,92.56,92.26,92.26,92.26,32.39,0.00
2012-11-28,92.78,92.56,92.56,92.56,22.01,0.00
2012-11-27,93.90,92.78,92.78,92.78,84.46,0.00
2012-11-26,93.47,93.90,93.90,93.90,45.12,0.00
2012-11-23,93.18,93.47,93.47,93.47,110.11,0.00
2012-11-22,93.13,93.18,93.18,93.18,34.42,0.00
2012-11-21,92.59,93.13,93.13,93.13,32.95,0.00
2012-11-20,92.26,92.59,92.59,92.59,49.54,0.00
2012-11-19,92.59,92.26,92.26,92.26,45.74,0.00
2012-11-16,92.66,92.59,92.59,92.59,43.74,0.00
2012-11-15,92.36,92.66,92.66,92.66,35.29,0.00
2012-11-14,92.62,92.36,92.36,92.36,23.51,0.00
2012-11-13,92.91,92.62,92.62,92.62,36.56,0.00
2012-11-12,92.94,92.91,92.91,92.91,27.30,0.00
2012-11-09,91.83,92.94,92.94,92.94,22.12,0.00
2012-11-08,91.84,91.83,91.83,91.83,16.02,0.00
2012-11-07,91.36,91.84,91.84,91.84,55.62,0.00
2012-11-06,91.44,91.36,91.36,91.36,14.44,0.00
2012-11-05,91.30,91.44,91.44,91.44,13.81,0.00
2012-11-02,91.28,91.30,91.30,91.30,29.82,0.00
2012-11-01,91.67,91.28,91.28,91.28,31.24,0.00
2012-10-31,91.78,91.67,91.67,91.67,22.05,0.00
2012-10-30,91.43,91.78,91.78,91.78,27.94,0.00
2012-10-29,91.18,91.43,91.43,91.43,14.26,0.00
2012-10-26,90.62,91.18,91.18,91.18,19.02,0.00
2012-10-25,90.28,90.62,90.62,90.62,15.27,0.00
2012-10-24,89.78,90.28,90.28,90.28,22.46,0.00
2012-10-23,89.51,89.78,89.78,89.78,17.47,0.00
2012-10-22,89.13,89.51,89.51,89.51,24.70,0.00
2012-10-19,88.85,89.13,89.13,89.13,20.88,0.00
2012-10-18,88.50,88.85,88.85,88.85,22.50,0.00
2012-10-17,88.02,88.50,88.50,88.50,17.96,0.00
2012-10-16,87.89,88.02,88.02,88.02,16.28,0.00
2012-10-15,87.71,87.89,87.89,87.89,11.00,0.00
2012-10-12,87.85,87.71,87.71,87.71,10.77,0.00
2012-10-11,87.13,87.85,87.85,87.85,17.35,0.00
2012-10-10,87.19,87.13,87.13,87.13,28.20,0.00
2012-10-09,86.97,87.19,87.19,87.19,19.45,0.00
2012-10-08,87.54,86.97,86.97,86.97,10.98,0.00
2012-10-05,87.08,87.54,87.54,87.54,25.49,0.00
2012-10-04,87.11,87.08,87.08,87.08,24.31,0.00
2012-10-03,87.17,87.11,87.11,87.11,26.57,0.00
2012-10-01,87.38,87.17,87.17,87.17,10.01,0.00
2012-09-28,86.98,87.38,87.38,87.38,17.70,0.00
2012-09-27,86.22,86.98,86.98,86.98,20.32,0.00
2012-09-26,86.43,86.22,86.22,86.22,20.11,0.00
2012-09-25,86.29,86.43,86.43,86.43,20.66,0.00
2012-09-24,86.41,86.29,86.29,86.29,15.84,0.00
2012-09-21,86.37,86.41,86.41,86.41,40.83,0.00
2012-09-20,86.95,86.37,86.37,86.37,21.51,0.00
2012-09-19,87.04,86.95,86.95,86.95,19.53,0.00
2012-09-18,86.84,87.04,87.04,87.04,21.29,0.00
2012-09-17,86.61,86.84,86.84,86.84,19.67,0.00
2012-09-14,87.25,86.61,86.61,86.61,21.59,0.00
2012-09-12,86.59,87.25,87.25,87.25,46.21,0.00
2012-09-11,85.16,86.59,86.59,86.59,26.69,0.00
2012-09-10,85.90,85.16,85.16,85.16,19.44,0.00
2012-09-07,85.35,85.90,85.90,85.90,20.30,0.00
2012-09-06,85.82,85.35,85.35,85.35,13.70,0.00
2012-09-05,85.62,85.82,85.82,85.82,14.99,0.00
2012-09-04,84.95,85.62,85.62,85.62,18.56,0.00
2012-09-03,84.66,84.95,84.95,84.95,24.24,0.00
2012-08-31,84.87,84.66,84.66,84.66,13.49,0.00
2012-08-30,84.36,84.87,84.87,84.87,10.90,0.00
2012-08-29,83.91,84.36,84.36,84.36,31.43,0.00
2012-08-28,83.95,83.91,83.91,83.91,18.09,0.00
2012-08-27,83.84,83.95,83.95,83.95,7.92,0.00
2012-08-24,84.01,83.84,83.84,83.84,7.96,0.00
2012-08-23,83.70,84.01,84.01,84.01,15.71,0.00
2012-08-22,83.67,83.70,83.70,83.70,9.37,0.00
2012-08-17,83.60,83.67,83.67,83.67,14.38,0.00
2012-08-16,83.16,83.60,83.60,83.60,5.93,0.00
2012-08-15,83.22,83.16,83.16,83.16,8.72,0.00
2012-08-14,83.13,83.22,83.22,83.22,9.00,0.00
2012-08-13,83.86,83.13,83.13,83.13,8.79,0.00
2012-08-10,83.86,83.86,83.86,83.86,27.23,0.00
2012-08-09,83.64,83.86,83.86,83.86,50.88,0.00
2012-08-08,83.46,83.64,83.64,83.64,14.03,0.00
2012-08-07,83.27,83.46,83.46,83.46,9.69,0.00
2012-08-06,83.69,83.27,83.27,83.27,10.19,0.00
2012-08-03,82.98,83.69,83.69,83.69,25.74,0.00
2012-08-02,83.01,82.98,82.98,82.98,15.09,0.00
2012-08-01,83.26,83.01,83.01,83.01,12.58,0.00
2012-07-31,84.66,83.26,83.26,83.26,8.72,0.00
2012-07-25,83.85,84.66,84.66,84.66,42.66,0.00
2012-07-24,83.85,83.85,83.85,83.85,19.42,0.00
2012-07-23,83.54,83.85,83.85,83.85,9.57,0.00
2012-07-20,83.26,83.54,83.54,83.54,10.69,0.00
2012-07-19,82.50,83.26,83.26,83.26,29.86,0.00
2012-07-18,81.73,82.50,82.50,82.50,8.67,0.00
2012-07-17,81.84,81.73,81.73,81.73,12.11,0.00
2012-07-16,81.71,81.84,81.84,81.84,17.92,0.00
2012-07-13,82.29,81.71,81.71,81.71,6.81,0.00
2012-07-12,82.17,82.29,82.29,82.29,17.49,0.00
2012-07-11,82.11,82.17,82.17,82.17,19.13,0.00
2012-07-10,82.18,82.11,82.11,82.11,13.07,0.00
2012-07-09,82.47,82.18,82.18,82.18,7.64,0.00
2012-07-06,82.47,82.47,82.47,82.47,12.48,0.00
2012-07-05,82.32,82.47,82.47,82.47,8.53,0.00
2012-07-04,82.51,82.32,82.32,82.32,14.39,0.00
2012-07-03,81.80,82.51,82.51,82.51,27.24,0.00
2012-07-02,80.75,81.80,81.80,81.80,13.95,0.00
2012-06-29,80.50,80.75,80.75,80.75,10.87,0.00
2012-06-28,80.80,80.50,80.50,80.50,11.87,0.00
2012-06-27,81.13,80.80,80.80,80.80,47.69,0.00
2012-06-26,80.90,81.13,81.13,81.13,25.58,0.00
2012-06-25,81.15,80.90,80.90,80.90,13.45,0.00
2012-06-22,80.83,81.15,81.15,81.15,15.55,0.00
2012-06-21,80.94,80.83,80.83,80.83,21.71,0.00
2012-06-20,80.18,80.94,80.94,80.94,15.70,0.00
2012-06-19,79.83,80.18,80.18,80.18,28.14,0.00
2012-06-18,79.82,79.83,79.83,79.83,8.14,0.00
2012-06-15,79.41,79.82,79.82,79.82,18.88,0.00
2012-06-14,79.17,79.41,79.41,79.41,38.60,0.00
2012-06-13,78.94,79.17,79.17,79.17,29.07,0.00
2012-06-12,78.43,78.94,78.94,78.94,14.64,0.00
2012-06-11,78.62,78.43,78.43,78.43,10.86,0.00
2012-06-08,78.62,78.62,78.62,78.62,19.46,0.00
2012-06-07,78.19,78.62,78.62,78.62,9.74,0.00
2012-06-06,78.16,78.19,78.19,78.19,14.80,0.00
2012-06-05,78.21,78.16,78.16,78.16,13.32,0.00
2012-06-04,78.48,78.21,78.21,78.21,17.38,0.00
2012-05-31,78.15,78.48,78.48,78.48,72.09,0.00
2012-05-30,78.20,78.15,78.15,78.15,23.83,0.00
2012-05-29,78.40,78.20,78.20,78.20,9.09,0.00
2012-05-28,78.25,78.40,78.40,78.40,12.22,0.00
2012-05-25,79.14,78.25,78.25,78.25,62.03,0.00
2012-05-23,79.51,79.14,79.14,79.14,27.20,0.00
2012-05-22,80.11,79.51,79.51,79.51,19.01,0.00
2012-05-21,80.09,80.11,80.11,80.11,17.11,0.00
2012-05-18,79.91,80.09,80.09,80.09,14.61,0.00
2012-05-17,79.19,79.91,79.91,79.91,16.80,0.00
2012-05-15,78.98,79.19,79.19,79.19,26.30,0.00
2012-05-14,78.46,78.98,78.98,78.98,12.54,0.00
2012-05-11,78.36,78.46,78.46,78.46,17.93,0.00
2012-05-10,78.09,78.36,78.36,78.36,29.38,0.00
2012-05-08,78.50,78.09,78.09,78.09,21.52,0.00
2012-05-07,78.57,78.50,78.50,78.50,28.94,0.00
2012-05-04,77.93,78.57,78.57,78.57,31.71,0.00
2012-05-03,77.06,77.93,77.93,77.93,37.79,0.00
2012-05-02,76.91,77.06,77.06,77.06,22.10,0.00
2012-04-30,76.71,76.91,76.91,76.91,11.97,0.00
2012-04-27,77.12,76.71,76.71,76.71,22.86,0.00
2012-04-26,78.29,77.12,77.12,77.12,19.86,0.00
2012-04-25,77.91,78.29,78.29,78.29,40.06,0.00
2012-04-23,76.72,77.20,77.20,77.20,33.17,0.00
2012-04-20,76.14,76.72,76.72,76.72,23.32,0.00
2012-04-19,75.49,76.14,76.14,76.14,14.47,0.00
2012-04-18,74.93,75.49,75.49,75.49,55.58,0.00
2012-04-17,74.68,74.93,74.93,74.93,38.32,0.00
2012-04-16,74.72,74.68,74.68,74.68,16.08,0.00
2012-04-13,74.37,74.72,74.72,74.72,50.15,0.00
2012-04-12,74.10,74.37,74.37,74.37,22.36,0.00
2012-04-11,73.71,74.10,74.10,74.10,17.93,0.00
2012-04-10,73.97,73.71,73.71,73.71,70.08,0.00
2012-04-05,73.92,73.97,73.97,73.97,17.11,0.00
2012-04-04,73.40,73.92,73.92,73.92,52.47,0.00
2012-04-03,73.24,73.40,73.40,73.40,7.69,0.00
2012-04-02,73.47,73.24,73.24,73.24,30.93,0.00
2012-03-30,73.46,73.47,73.47,73.47,37.74,0.00
2012-03-29,73.53,73.46,73.46,73.46,12.83,0.00
2012-03-28,73.38,73.53,73.53,73.53,19.62,0.00
2012-03-27,73.23,73.38,73.38,73.38,22.01,0.00
2012-03-26,73.52,73.23,73.23,73.23,12.10,0.00
2012-03-23,72.98,73.52,73.52,73.52,24.68,0.00
2012-03-22,72.47,72.98,72.98,72.98,26.76,0.00
2012-03-21,71.64,72.47,72.47,72.47,12.33,0.00
2012-03-20,72.71,71.64,71.64,71.64,21.15,0.00
2012-03-19,73.13,72.71,72.71,72.71,9.25,0.00
2012-03-16,73.06,73.13,73.13,73.13,19.98,0.00
2012-03-15,73.05,73.06,73.06,73.06,15.98,0.00
2012-03-14,73.32,73.05,73.05,73.05,32.82,0.00
2012-03-13,74.16,73.32,73.32,73.32,12.23,0.00
2012-03-09,74.52,74.16,74.16,74.16,9.60,0.00
2012-03-08,74.89,74.52,74.52,74.52,13.40,0.00
2012-03-07,74.53,74.89,74.89,74.89,16.27,0.00
2012-03-06,73.69,74.53,74.53,74.53,12.58,0.00
2012-03-05,72.78,73.69,73.69,73.69,18.95,0.00
2012-03-02,72.37,72.78,72.78,72.78,20.73,0.00
2012-03-01,72.07,72.37,72.37,72.37,17.68,0.00
2012-02-29,71.51,72.07,72.07,72.07,19.79,0.00
2012-02-28,70.80,71.51,71.51,71.51,11.15,0.00
2012-02-27,70.73,70.80,70.80,70.80,11.75,0.00
2012-02-24,70.19,70.73,70.73,70.73,7.40,0.00
2012-02-23,70.02,70.19,70.19,70.19,18.13,0.00
2012-02-22,70.16,70.02,70.02,70.02,18.23,0.00
2012-02-21,69.91,70.16,70.16,70.16,7.12,0.00
2012-02-20,70.23,69.91,69.91,69.91,8.93,0.00
2012-02-17,69.94,70.23,70.23,70.23,13.10,0.00
2012-02-16,69.44,69.94,69.94,69.94,25.53,0.00
2012-02-15,68.81,69.44,69.44,69.44,45.64,0.00
2012-02-14,69.13,68.81,68.81,68.81,9.15,0.00
2012-02-13,69.03,69.13,69.13,69.13,18.30,0.00
2012-02-10,68.96,69.03,69.03,69.03,8.37,0.00
2012-02-09,69.05,68.96,68.96,68.96,41.85,0.00
2012-02-08,68.92,69.05,69.05,69.05,46.29,0.00
2012-02-07,68.90,68.92,68.92,68.92,8.21,0.00
2012-02-06,69.04,68.90,68.90,68.90,31.44,0.00
2012-02-03,69.05,69.04,69.04,69.04,6.36,0.00
2012-02-02,68.68,69.05,69.05,69.05,6.50,0.00
2012-02-01,68.94,68.68,68.68,68.68,11.78,0.00
2012-01-31,68.91,68.94,68.94,68.94,13.86,0.00
2012-01-30,68.79,68.91,68.91,68.91,7.62,0.00
2012-01-27,67.97,68.79,68.79,68.79,55.40,0.00
2012-01-26,67.85,67.97,67.97,67.97,18.03,0.00
2012-01-25,68.11,67.85,67.85,67.85,12.22,0.00
2012-01-24,67.96,68.11,68.11,68.11,36.92,0.00
2012-01-23,68.83,67.96,67.96,67.96,25.39,0.00
2012-01-20,68.76,68.83,68.83,68.83,46.62,0.00
2012-01-19,68.73,68.76,68.76,68.76,8.25,0.00
2012-01-18,68.78,68.73,68.73,68.73,9.70,0.00
2012-01-17,68.87,68.78,68.78,68.78,9.62,0.00
2012-01-16,68.61,68.87,68.87,68.87,4.97,0.00
2012-01-13,68.84,68.61,68.61,68.61,33.76,0.00
2012-01-12,68.93,68.84,68.84,68.84,17.18,0.00
2012-01-11,68.69,68.93,68.93,68.93,10.64,0.00
2012-01-10,68.82,68.69,68.69,68.69,14.58,0.00
2012-01-09,68.50,68.82,68.82,68.82,8.57,0.00
2012-01-06,68.31,68.50,68.50,68.50,12.12,0.00
2012-01-05,68.25,68.31,68.31,68.31,13.98,0.00
2012-01-04,68.38,68.25,68.25,68.25,11.43,0.00
2012-01-03,68.03,68.38,68.38,68.38,12.55,0.00
2011-12-30,67.85,68.03,68.03,68.03,4.71,0.00
2011-12-29,68.24,67.85,67.85,67.85,12.83,0.00
2011-12-28,68.15,68.24,68.24,68.24,3.14,0.00
2011-12-27,67.72,68.15,68.15,68.15,1.70,0.00
2011-12-23,67.80,67.72,67.72,67.72,3.18,0.00
2011-12-22,67.23,67.80,67.80,67.80,16.22,0.00
2011-12-21,66.47,67.23,67.23,67.23,16.72,0.00
2011-12-20,66.26,66.47,66.47,66.47,12.89,0.00
2011-12-19,66.11,66.26,66.26,66.26,25.15,0.00
2011-12-16,65.98,66.11,66.11,66.11,19.03,0.00
2011-12-15,66.07,65.98,65.98,65.98,20.58,0.00
2011-12-14,65.91,66.07,66.07,66.07,33.94,0.00
2011-12-13,65.89,65.91,65.91,65.91,25.42,0.00
2011-12-09,65.41,65.89,65.89,65.89,5.01,0.00
2011-12-08,65.14,65.41,65.41,65.41,10.98,0.00
2011-12-07,65.23,65.14,65.14,65.14,34.50,0.00
2011-12-06,65.37,65.23,65.23,65.23,13.78,0.00
2011-12-05,65.57,65.37,65.37,65.37,19.72,0.00
2011-12-02,66.33,65.57,65.57,65.57,45.04,0.00
2011-11-30,67.28,66.33,66.33,66.33,37.76,0.00
2011-11-29,68.05,67.28,67.28,67.28,11.34,0.00
2011-11-25,69.46,68.05,68.05,68.05,4.73,0.00
2011-11-24,70.62,69.46,69.46,69.46,13.75,0.00
2011-11-23,70.92,70.62,70.62,70.62,11.28,0.00
2011-11-22,71.29,70.92,70.92,70.92,9.04,0.00
2011-11-21,71.40,71.29,71.29,71.29,7.89,0.00
2011-11-18,71.60,71.40,71.40,71.40,5.64,0.00
2011-11-17,71.36,71.60,71.60,71.60,25.74,0.00
2011-11-16,71.51,71.36,71.36,71.36,3.87,0.00
2011-11-15,71.87,71.51,71.51,71.51,39.66,0.00
2011-11-14,72.45,71.87,71.87,71.87,13.14,0.00
2011-11-11,72.47,72.45,72.45,72.45,32.60,0.00
2011-11-10,72.52,72.47,72.47,72.47,24.04,0.00
2011-11-09,72.43,72.52,72.52,72.52,10.05,0.00
2011-11-07,72.57,72.44,72.44,72.44,28.84,0.00
2011-11-04,72.53,72.57,72.57,72.57,9.20,0.00
2011-11-03,73.37,72.53,72.53,72.53,51.75,0.00
2011-11-02,73.47,73.37,73.37,73.37,21.32,0.00
2011-11-01,72.71,73.47,73.47,73.47,29.51,0.00
2011-10-31,71.61,72.71,72.71,72.71,35.35,0.00
2011-10-28,70.45,71.61,71.61,71.61,45.59,0.00
2011-10-27,69.88,70.45,70.45,70.45,75.45,0.00
2011-10-26,69.40,69.88,69.88,69.88,12.15,0.00
2011-10-25,69.18,69.40,69.40,69.40,34.50,0.00
2011-10-24,69.20,69.18,69.18,69.18,36.68,0.00
2011-10-21,68.97,69.20,69.20,69.20,94.74,0.00
2011-10-19,69.11,68.97,68.97,68.97,77.42,0.00
2011-10-18,68.80,69.11,69.11,69.11,5.54,0.00
2011-10-17,68.49,68.80,68.80,68.80,8.34,0.00
2011-10-14,68.52,68.49,68.49,68.49,6.74,0.00
2011-10-13,69.37,68.52,68.52,68.52,7.92,0.00
2011-10-12,69.31,69.37,69.37,69.37,16.54,0.00
2011-10-11,69.45,69.31,69.31,69.31,9.96,0.00
2011-10-10,69.36,69.45,69.45,69.45,9.89,0.00
2011-10-07,69.65,69.36,69.36,69.36,6.66,0.00
2011-10-06,69.71,69.65,69.65,69.65,8.03,0.00
2011-10-05,69.74,69.71,69.71,69.71,25.25,0.00
2011-10-04,70.07,69.74,69.74,69.74,46.48,0.00
2011-09-29,71.36,70.07,70.07,70.07,19.78,0.00
2011-09-28,72.29,71.36,71.36,71.36,15.97,0.00
2011-09-27,73.29,72.29,72.29,72.29,15.15,0.00
2011-09-26,74.29,73.29,73.29,73.29,15.54,0.00
2011-09-23,74.55,74.29,74.29,74.29,7.74,0.00
2011-09-22,74.69,74.55,74.55,74.55,27.27,0.00
2011-09-21,74.87,74.69,74.69,74.69,15.51,0.00
2011-09-20,75.10,74.87,74.87,74.87,9.87,0.00
2011-09-19,75.31,75.10,75.10,75.10,13.23,0.00
2011-09-16,75.06,75.31,75.31,75.31,13.87,0.00
2011-09-15,74.93,75.06,75.06,75.06,12.02,0.00
2011-09-14,74.70,74.93,74.93,74.93,31.67,0.00
2011-09-13,73.78,74.70,74.70,74.70,52.29,0.00
2011-09-12,73.94,73.78,73.78,73.78,7.94,0.00
2011-09-09,74.62,73.94,73.94,73.94,50.35,0.00
2011-09-08,74.13,74.62,74.62,74.62,7.14,0.00
2011-09-07,73.60,74.13,74.13,74.13,34.82,0.00
2011-09-06,74.04,73.60,73.60,73.60,128.58,0.00
2011-09-05,74.91,74.04,74.04,74.04,7.24,0.00
2011-09-02,75.24,74.91,74.91,74.91,52.90,0.00
2011-09-01,76.15,75.24,75.24,75.24,27.24,0.00
2011-08-30,75.81,76.15,76.15,76.15,8.71,0.00
2011-08-29,76.20,75.81,75.81,75.81,39.39,0.00
2011-08-26,76.14,76.20,76.20,76.20,18.95,0.00
2011-08-25,77.34,76.14,76.14,76.14,13.56,0.00
2011-08-24,77.85,77.34,77.34,77.34,8.83,0.00
2011-08-23,77.96,77.85,77.85,77.85,49.23,0.00
2011-08-22,78.63,77.96,77.96,77.96,5.01,0.00
2011-08-19,78.82,78.63,78.63,78.63,23.64,0.00
2011-08-18,78.68,78.82,78.82,78.82,36.08,0.00
2011-08-17,78.64,78.68,78.68,78.68,26.13,0.00
2011-08-16,78.54,78.64,78.64,78.64,46.41,0.00
2011-08-15,78.60,78.54,78.54,78.54,36.87,0.00
2011-08-12,78.95,78.60,78.60,78.60,9.79,0.00
2011-08-11,78.45,78.95,78.95,78.95,18.68,0.00
2011-08-10,78.89,78.45,78.45,78.45,19.88,0.00
2011-08-09,81.97,78.89,78.89,78.89,12.95,0.00
2011-08-08,83.65,81.97,81.97,81.97,19.32,0.00
2011-08-05,84.75,83.65,83.65,83.65,13.74,0.00
2011-08-04,84.82,84.75,84.75,84.75,51.04,0.00
2011-08-03,83.87,84.82,84.82,84.82,68.61,0.00
2011-08-01,84.32,83.87,83.87,83.87,4.57,0.00
2011-07-29,84.65,84.32,84.32,84.32,9.93,0.00
2011-07-28,85.40,84.65,84.65,84.65,13.91,0.00
2011-07-27,85.26,85.40,85.40,85.40,19.17,0.00
2011-07-26,85.43,85.26,85.26,85.26,13.41,0.00
2011-07-25,85.57,85.43,85.43,85.43,25.55,0.00
2011-07-22,85.40,85.57,85.57,85.57,28.65,0.00
2011-07-21,85.73,85.40,85.40,85.40,38.26,0.00
2011-07-20,86.31,85.73,85.73,85.73,19.46,0.00
2011-07-18,86.01,86.31,86.31,86.31,34.61,0.00
2011-07-14,86.52,86.01,86.01,86.01,12.69,0.00
2011-07-13,87.52,86.52,86.52,86.52,26.09,0.00
2011-07-12,89.14,87.52,87.52,87.52,15.06,0.00
2011-07-11,89.68,89.14,89.14,89.14,5.72,0.00
2011-07-07,90.37,90.18,90.18,90.18,37.03,0.00
2011-07-06,90.74,90.37,90.37,90.37,8.45,0.00
2011-07-05,91.12,90.74,90.74,90.74,13.54,0.00
2011-07-04,90.86,91.12,91.12,91.12,26.56,0.00
2011-07-01,91.36,90.86,90.86,90.86,8.06,0.00
2011-06-30,91.20,91.36,91.36,91.36,18.82,0.00
2011-06-29,90.89,91.20,91.20,91.20,37.12,0.00
2011-06-28,90.62,90.89,90.89,90.89,25.59,0.00
2011-06-27,90.60,90.62,90.62,90.62,10.03,0.00
2011-06-24,90.85,90.60,90.60,90.60,11.03,0.00
2011-06-23,90.73,90.85,90.85,90.85,9.87,0.00
2011-06-22,91.43,90.73,90.73,90.73,17.21,0.00
2011-06-21,91.28,91.43,91.43,91.43,14.94,0.00
2011-06-20,91.46,91.28,91.28,91.28,11.48,0.00
2011-06-17,91.45,91.46,91.46,91.46,16.32,0.00
2011-06-16,91.38,91.45,91.45,91.45,20.38,0.00
2011-06-15,92.03,91.38,91.38,91.38,30.16,0.00
2011-06-14,92.36,92.03,92.03,92.03,48.07,0.00
2011-06-13,92.92,92.36,92.36,92.36,18.34,0.00
2011-06-10,93.25,92.92,92.92,92.92,12.29,0.00
2011-06-09,93.49,93.25,93.25,93.25,25.25,0.00
2011-06-08,93.45,93.49,93.49,93.49,17.86,0.00
2011-06-07,93.23,93.45,93.45,93.45,18.65,0.00
2011-06-06,93.62,93.23,93.23,93.23,10.54,0.00
2011-06-03,93.70,93.62,93.62,93.62,22.49,0.00
2011-06-02,93.21,93.70,93.70,93.70,14.18,0.00
2011-05-31,93.15,93.21,93.21,93.21,23.29,0.00
2011-05-30,93.29,93.15,93.15,93.15,11.07,0.00
2011-05-27,93.37,93.29,93.29,93.29,22.39,0.00
2011-05-26,93.35,93.37,93.37,93.37,13.16,0.00
2011-05-25,93.23,93.35,93.35,93.35,22.02,0.00
2011-05-24,93.21,93.23,93.23,93.23,35.98,0.00
2011-05-23,93.29,93.21,93.21,93.21,7.97,0.00
2011-05-20,93.54,93.29,93.29,93.29,2.82,0.00
2011-05-19,93.46,93.54,93.54,93.54,15.97,0.00
2011-05-18,93.64,93.46,93.46,93.46,11.01,0.00
2011-05-17,93.68,93.64,93.64,93.64,17.19,0.00
2011-05-16,93.70,93.68,93.68,93.68,21.44,0.00
2011-05-13,93.34,93.70,93.70,93.70,27.58,0.00
2011-05-12,93.72,93.34,93.34,93.34,28.86,0.00
2011-05-11,94.26,93.72,93.72,93.72,19.01,0.00
2011-05-10,94.88,94.26,94.26,94.26,15.58,0.00
2011-05-09,95.32,94.88,94.88,94.88,10.90,0.00
2011-05-06,95.31,95.32,95.32,95.32,12.71,0.00
2011-05-05,94.92,95.31,95.31,95.31,20.73,0.00
2011-05-04,94.66,94.92,94.92,94.92,41.74,0.00
2011-05-03,94.18,94.66,94.66,94.66,19.35,0.00
2011-04-29,93.81,94.18,94.18,94.18,30.30,0.00
2011-04-28,94.03,93.81,93.81,93.81,10.41,0.00
2011-04-27,93.65,94.03,94.03,94.03,11.29,0.00
2011-04-26,93.83,93.65,93.65,93.65,24.22,0.00
2011-04-21,93.72,93.83,93.83,93.83,18.78,0.00
2011-04-20,94.01,93.72,93.72,93.72,8.14,0.00
2011-04-19,94.13,94.01,94.01,94.01,32.35,0.00
2011-04-18,94.37,94.13,94.13,94.13,20.28,0.00
2011-04-15,93.69,94.37,94.37,94.37,20.50,0.00
2011-04-14,93.42,93.69,93.69,93.69,19.18,0.00
2011-04-13,93.86,93.42,93.42,93.42,32.17,0.00
2011-04-12,94.30,93.86,93.86,93.86,42.68,0.00
2011-04-11,93.73,94.30,94.30,94.30,33.48,0.00
2011-04-08,93.29,93.73,93.73,93.73,35.78,0.00
2011-04-07,92.98,93.29,93.29,93.29,29.79,0.00
2011-04-06,92.92,92.98,92.98,92.98,12.66,0.00
2011-04-05,91.55,92.92,92.92,92.92,43.32,0.00
2011-04-04,90.33,91.55,91.55,91.55,33.02,0.00
2011-04-01,89.50,90.33,90.33,90.33,38.04,0.00
2011-03-31,89.27,89.50,89.50,89.50,25.12,0.00
2011-03-30,89.31,89.27,89.27,89.27,29.63,0.00
2011-03-29,89.74,89.31,89.31,89.31,42.55,0.00
2011-03-28,89.51,89.74,89.74,89.74,20.15,0.00
2011-03-25,89.22,89.51,89.51,89.51,44.13,0.00
2011-03-24,89.57,89.22,89.22,89.22,12.67,0.00
2011-03-23,89.65,89.57,89.57,89.57,7.51,0.00
2011-03-22,90.18,89.65,89.65,89.65,10.40,0.00
2011-03-21,91.68,90.18,90.18,90.18,6.50,0.00
2011-03-18,92.27,91.68,91.68,91.68,18.04,0.00
2011-03-17,92.28,92.27,92.27,92.27,13.69,0.00
2011-03-16,92.46,92.28,92.28,92.28,20.48,0.00
2011-03-15,91.33,92.46,92.46,92.46,28.93,0.00
2011-03-14,90.01,91.33,91.33,91.33,30.09,0.00
2011-03-11,89.24,90.01,90.01,90.01,17.84,0.00
2011-03-10,91.47,89.24,89.24,89.24,16.72,0.00
2011-03-09,93.03,91.47,91.47,91.47,8.66,0.00
2011-03-08,94.01,93.03,93.03,93.03,11.62,0.00
2011-03-07,95.01,94.01,94.01,94.01,14.02,0.00
2011-03-04,95.08,95.01,95.01,95.01,28.41,0.00
2011-03-03,95.11,95.08,95.08,95.08,22.01,0.00
2011-03-02,95.35,95.11,95.11,95.11,29.76,0.00
2011-03-01,96.66,95.35,95.35,95.35,10.01,0.00
2011-02-28,97.73,96.66,96.66,96.66,21.97,0.00
2011-02-25,97.52,97.73,97.73,97.73,24.32,0.00
2011-02-24,96.96,97.52,97.52,97.52,24.15,0.00
2011-02-23,96.94,96.96,96.96,96.96,16.86,0.00
2011-02-22,96.53,96.94,96.94,96.94,23.59,0.00
2011-02-21,97.42,96.53,96.53,96.53,16.02,0.00
2011-02-18,97.77,97.42,97.42,97.42,14.95,0.00
2011-02-17,97.79,97.77,97.77,97.77,16.03,0.00
2011-02-16,97.80,97.79,97.79,97.79,13.94,0.00
2011-02-15,97.68,97.80,97.80,97.80,23.96,0.00
2011-02-14,97.96,97.68,97.68,97.68,10.48,0.00
2011-02-11,97.63,97.96,97.96,97.96,7.83,0.00
2011-02-10,97.85,97.63,97.63,97.63,11.31,0.00
2011-02-09,97.91,97.85,97.85,97.85,8.71,0.00
2011-02-08,97.84,97.91,97.91,97.91,23.71,0.00
2011-02-07,97.91,97.84,97.84,97.84,15.59,0.00
2011-02-04,97.75,97.91,97.91,97.91,13.32,0.00
2011-02-03,98.02,97.75,97.75,97.75,11.96,0.00
2011-02-02,98.63,98.02,98.02,98.02,19.29,0.00
2011-02-01,99.02,98.63,98.63,98.63,17.16,0.00
2011-01-31,100.11,99.02,99.02,99.02,14.09,0.00
2011-01-28,101.11,100.11,100.11,100.11,22.12,0.00
2011-01-27,101.05,101.11,101.11,101.11,16.88,0.00
2011-01-26,100.64,101.05,101.05,101.05,25.47,0.00
2011-01-25,100.78,100.64,100.64,100.64,13.15,0.00
2011-01-24,100.77,100.78,100.78,100.78,51.92,0.00
2011-01-21,100.69,100.77,100.77,100.77,20.06,0.00
2011-01-20,100.83,100.69,100.69,100.69,23.19,0.00
2011-01-19,100.76,100.83,100.83,100.83,48.20,0.00
2011-01-18,101.24,100.76,100.76,100.76,24.46,0.00
2011-01-17,101.75,101.24,101.24,101.24,29.02,0.00
2011-01-14,101.91,101.75,101.75,101.75,35.37,0.00
2011-01-13,101.48,101.91,101.91,101.91,62.05,0.00
2011-01-12,102.04,101.48,101.48,101.48,86.23,0.00
2011-01-11,102.74,102.04,102.04,102.04,16.09,0.00
2011-01-10,103.52,102.74,102.74,102.74,47.00,0.00
2011-01-07,102.69,103.52,103.52,103.52,77.43,0.00
2011-01-06,100.59,102.69,102.69,102.69,31.69,0.00
2011-01-05,99.62,100.59,100.59,100.59,32.32,0.00
2011-01-04,99.23,99.62,99.62,99.62,42.62,0.00
2011-01-03,97.82,99.23,99.23,99.23,5.64,0.00
2010-12-31,97.27,97.82,97.82,97.82,6.69,0.00
2010-12-30,96.93,97.27,97.27,97.27,7.03,0.00
2010-12-29,96.69,96.93,96.93,96.93,9.35,0.00
2010-12-28,96.51,96.69,96.69,96.69,7.38,0.00
2010-12-27,96.84,96.51,96.51,96.51,2.98,0.00
2010-12-24,96.49,96.84,96.84,96.84,5.70,0.00
2010-12-23,96.25,96.49,96.49,96.49,13.92,0.00
2010-12-22,96.06,96.25,96.25,96.25,10.10,0.00
2010-12-21,96.55,96.06,96.06,96.06,6.77,0.00
2010-12-20,96.68,96.55,96.55,96.55,30.45,0.00
2010-12-17,96.48,96.68,96.68,96.68,14.63,0.00
2010-12-16,96.91,96.48,96.48,96.48,17.77,0.00
2010-12-15,97.38,96.91,96.91,96.91,166.58,0.00
2010-12-14,97.51,97.38,97.38,97.38,34.58,0.00
2010-12-10,97.75,97.51,97.51,97.51,20.23,0.00
2010-12-09,97.47,97.75,97.75,97.75,26.97,0.00
2010-12-08,97.25,97.47,97.47,97.47,37.16,0.00
2010-12-07,97.27,97.25,97.25,97.25,33.05,0.00
2010-12-06,97.36,97.27,97.27,97.27,21.15,0.00
2010-12-03,97.41,97.36,97.36,97.36,14.46,0.00
2010-12-02,97.13,97.41,97.41,97.41,24.07,0.00
2010-12-01,98.01,97.13,97.13,97.13,16.52,0.00
2010-11-30,98.51,98.01,98.01,98.01,14.99,0.00
2010-11-29,98.92,98.51,98.51,98.51,17.12,0.00
2010-11-26,99.63,98.92,98.92,98.92,19.32,0.00
2010-11-25,100.17,99.63,99.63,99.63,24.06,0.00
2010-11-24,100.38,100.17,100.17,100.17,15.61,0.00
2010-11-23,100.71,100.38,100.38,100.38,20.03,0.00
2010-11-22,100.73,100.71,100.71,100.71,23.67,0.00
2010-11-19,100.52,100.73,100.73,100.73,26.21,0.00
2010-11-18,100.62,100.52,100.52,100.52,20.66,0.00
2010-11-17,100.75,100.62,100.62,100.62,25.85,0.00
2010-11-16,101.51,100.75,100.75,100.75,18.00,0.00
2010-11-15,101.79,101.51,101.51,101.51,16.61,0.00
2010-11-12,101.36,101.79,101.79,101.79,16.54,0.00
2010-11-11,101.64,101.36,101.36,101.36,14.13,0.00
2010-11-10,101.88,101.64,101.64,101.64,17.85,0.00
2010-11-09,102.27,101.88,101.88,101.88,80.02,0.00
2010-11-08,101.95,102.27,102.27,102.27,20.19,0.00
2010-11-05,101.95,101.95,101.95,101.95,14.19,0.00
2010-11-04,101.66,101.95,101.95,101.95,13.97,0.00
2010-11-03,102.56,101.66,101.66,101.66,32.39,0.00
2010-11-02,102.73,102.56,102.56,102.56,24.36,0.00
2010-11-01,102.36,102.73,102.73,102.73,22.92,0.00
2010-10-29,101.95,102.36,102.36,102.36,17.23,0.00
2010-10-28,102.24,101.95,101.95,101.95,18.77,0.00
2010-10-27,103.37,102.24,102.24,102.24,34.39,0.00
2010-10-26,102.90,103.37,103.37,103.37,26.32,0.00
2010-10-25,102.77,102.90,102.90,102.90,20.25,0.00
2010-10-22,102.15,102.77,102.77,102.77,21.25,0.00
2010-10-21,101.91,102.15,102.15,102.15,30.12,0.00
2010-10-19,101.27,101.91,101.91,101.91,26.70,0.00
2010-10-18,100.85,101.27,101.27,101.27,21.41,0.00
2010-10-15,100.45,100.85,100.85,100.85,27.44,0.00
2010-10-14,100.29,100.45,100.45,100.45,11.95,0.00
2010-10-13,100.53,100.29,100.29,100.29,20.90,0.00
2010-10-12,100.33,100.53,100.53,100.53,13.92,0.00
2010-10-11,100.41,100.33,100.33,100.33,12.48,0.00
2010-10-08,100.59,100.41,100.41,100.41,59.01,0.00
2010-10-07,100.09,100.59,100.59,100.59,28.98,0.00
2010-10-06,99.38,100.09,100.09,100.09,23.44,0.00
2010-10-05,99.38,99.38,99.38,99.38,13.06,0.00
2010-10-04,99.15,99.38,99.38,99.38,26.61,0.00
2010-10-01,98.92,99.15,99.15,99.15,46.67,0.00
2010-09-30,98.68,98.92,98.92,98.92,19.50,0.00
2010-09-29,98.40,98.68,98.68,98.68,23.48,0.00
2010-09-28,97.79,98.40,98.40,98.40,23.35,0.00
2010-09-27,98.38,97.79,97.79,97.79,15.16,0.00
2010-09-24,98.33,98.38,98.38,98.38,19.74,0.00
2010-09-23,98.68,98.33,98.33,98.33,15.35,0.00
2010-09-22,98.21,98.68,98.68,98.68,24.67,0.00
2010-09-21,98.43,98.21,98.21,98.21,26.24,0.00
2010-09-20,97.81,98.43,98.43,98.43,9.98,0.00
2010-09-17,97.76,97.81,97.81,97.81,24.30,0.00
2010-09-16,97.70,97.76,97.76,97.76,12.66,0.00
2010-09-15,96.98,97.70,97.70,97.70,16.89,0.00
2010-09-14,95.59,96.98,96.98,96.98,39.20,0.00
2010-09-13,95.60,95.59,95.59,95.59,12.88,0.00
2010-09-10,95.38,95.60,95.60,95.60,14.37,0.00
2010-09-09,95.56,95.38,95.38,95.38,8.44,0.00
2010-09-08,95.19,95.56,95.56,95.56,28.02,0.00
2010-09-07,95.14,95.19,95.19,95.19,11.35,0.00
2010-09-06,95.58,95.14,95.14,95.14,12.41,0.00
2010-09-03,96.11,95.58,95.58,95.58,21.26,0.00
2010-09-02,95.78,96.11,96.11,96.11,12.84,0.00
2010-09-01,95.93,95.78,95.78,95.78,10.04,0.00
2010-08-31,96.13,95.93,95.93,95.93,22.39,0.00
2010-08-30,96.31,96.13,96.13,96.13,18.01,0.00
2010-08-26,97.80,96.31,96.31,96.31,10.07,0.00
2010-08-25,98.39,97.80,97.80,97.80,35.09,0.00
2010-08-24,98.50,98.39,98.39,98.39,31.40,0.00
2010-08-23,99.54,98.50,98.50,98.50,40.59,0.00
2010-08-20,100.49,99.54,99.54,99.54,30.38,0.00
2010-08-19,100.71,100.49,100.49,100.49,50.52,0.00
2010-08-18,100.04,100.71,100.71,100.71,22.75,0.00
2010-08-17,98.91,100.04,100.04,100.04,15.01,0.00
2010-08-16,98.10,98.91,98.91,98.91,9.61,0.00
2010-08-13,98.86,98.10,98.10,98.10,13.11,0.00
2010-08-12,99.98,98.86,98.86,98.86,14.69,0.00
2010-08-11,101.47,99.98,99.98,99.98,27.35,0.00
2010-08-10,102.27,101.47,101.47,101.47,25.95,0.00
2010-08-09,102.26,102.27,102.27,102.27,15.04,0.00
2010-08-06,102.16,102.26,102.26,102.26,25.35,0.00
2010-08-05,100.87,102.16,102.16,102.16,24.21,0.00
2010-08-03,99.12,100.87,100.87,100.87,51.71,0.00
2010-08-02,97.74,99.12,99.12,99.12,32.03,0.00
2010-07-30,96.94,97.74,97.74,97.74,23.08,0.00
2010-07-29,95.53,96.94,96.94,96.94,17.96,0.00
2010-07-28,95.25,95.53,95.53,95.53,14.79,0.00
2010-07-27,94.84,95.25,95.25,95.25,18.18,0.00
2010-07-26,95.56,94.84,94.84,94.84,11.57,0.00
2010-07-23,95.88,95.56,95.56,95.56,10.45,0.00
2010-07-22,95.87,95.88,95.88,95.88,9.61,0.00
2010-07-21,96.69,95.87,95.87,95.87,13.89,0.00
2010-07-20,96.55,96.69,96.69,96.69,14.48,0.00
2010-07-19,97.06,96.55,96.55,96.55,15.45,0.00
2010-07-16,96.50,97.06,97.06,97.06,12.91,0.00
2010-07-15,96.18,96.50,96.50,96.50,11.92,0.00
2010-07-14,95.38,96.18,96.18,96.18,22.52,0.00
2010-07-13,95.28,95.38,95.38,95.38,15.27,0.00
2010-07-12,94.94,95.28,95.28,95.28,47.84,0.00
2010-07-06,94.72,94.94,94.94,94.94,24.95,0.00
2010-07-05,95.00,94.72,94.72,94.72,18.44,0.00
2010-07-02,95.03,95.00,95.00,95.00,23.33,0.00
2010-07-01,95.10,95.03,95.03,95.03,10.93,0.00
2010-06-30,95.00,95.10,95.10,95.10,23.26,0.00
2010-06-29,94.64,95.00,95.00,95.00,19.64,0.00
2010-06-28,94.73,94.64,94.64,94.64,15.02,0.00
2010-06-25,94.59,94.73,94.73,94.73,15.95,0.00
2010-06-24,94.09,94.59,94.59,94.59,23.26,0.00
2010-06-23,93.95,94.09,94.09,94.09,27.71,0.00
2010-06-22,93.85,93.95,93.95,93.95,20.85,0.00
2010-06-21,94.32,93.85,93.85,93.85,8.74,0.00
2010-06-18,94.39,94.32,94.32,94.32,13.90,0.00
2010-06-17,94.35,94.39,94.39,94.39,16.46,0.00
2010-06-16,93.94,94.35,94.35,94.35,27.75,0.00
2010-06-15,93.52,93.94,93.94,93.94,16.29,0.00
2010-06-14,93.18,93.52,93.52,93.52,15.67,0.00
2010-06-11,92.76,93.18,93.18,93.18,13.12,0.00
2010-06-10,92.44,92.76,92.76,92.76,15.49,0.00
2010-06-09,92.87,92.44,92.44,92.44,14.14,0.00
2010-06-08,92.85,92.87,92.87,92.87,26.39,0.00
2010-06-07,92.93,92.85,92.85,92.85,10.76,0.00
2010-06-04,92.65,92.93,92.93,92.93,13.92,0.00
2010-06-03,92.25,92.65,92.65,92.65,9.08,0.00
2010-06-02,92.33,92.25,92.25,92.25,17.21,0.00
2010-05-31,91.86,92.33,92.33,92.33,6.49,0.00
2010-05-28,90.70,91.86,91.86,91.86,23.87,0.00
2010-05-27,91.87,90.70,90.70,90.70,95.80,0.00
2010-05-26,92.58,91.87,91.87,91.87,161.81,0.00
2010-05-25,92.63,92.58,92.58,92.58,49.97,0.00
2010-05-24,92.28,92.63,92.63,92.63,26.19,0.00
2010-05-21,92.14,92.28,92.28,92.28,37.78,0.00
2010-05-20,92.09,92.14,92.14,92.14,28.11,0.00
2010-05-19,91.06,92.09,92.09,92.09,37.67,0.00
2010-05-18,90.86,91.06,91.06,91.06,13.84,0.00
2010-05-17,91.13,90.86,90.86,90.86,51.05,0.00
2010-05-14,90.39,91.13,91.13,91.13,79.16,0.00
2010-05-13,89.94,90.39,90.39,90.39,91.56,0.00
2010-05-12,89.79,89.94,89.94,89.94,17.54,0.00
2010-05-11,90.11,89.79,89.79,89.79,16.17,0.00
2010-05-10,91.18,90.11,90.11,90.11,14.27,0.00
2010-05-07,91.26,91.18,91.18,91.18,49.39,0.00
2010-05-06,90.54,91.26,91.26,91.26,56.24,0.00
2010-05-05,89.66,90.54,90.54,90.54,45.99,0.00
2010-05-04,89.72,89.66,89.66,89.66,16.72,0.00
2010-05-03,90.13,89.72,89.72,89.72,13.92,0.00
2010-04-30,90.31,90.13,90.13,90.13,10.81,0.00
2010-04-29,90.33,90.31,90.31,90.31,13.90,0.00
2010-04-28,90.57,90.33,90.33,90.33,22.68,0.00
2010-04-27,90.32,90.57,90.57,90.57,25.87,0.00
2010-04-26,89.52,90.32,90.32,90.32,22.03,0.00
2010-04-23,88.72,89.52,89.52,89.52,15.01,0.00
2010-04-22,88.32,88.72,88.72,88.72,29.52,0.00
2010-04-21,87.52,88.32,88.32,88.32,15.13,0.00
2010-04-20,87.29,87.52,87.52,87.52,15.46,0.00
2010-04-19,87.97,87.29,87.29,87.29,18.63,0.00
2010-04-16,87.91,87.97,87.97,87.97,33.91,0.00
2010-04-15,87.00,87.91,87.91,87.91,19.42,0.00
2010-04-14,86.09,87.00,87.00,87.00,20.89,0.00
2010-04-13,86.11,86.09,86.09,86.09,25.35,0.00
2010-04-12,85.50,86.11,86.11,86.11,17.17,0.00
2010-04-09,85.01,85.50,85.50,85.50,14.85,0.00
2010-04-08,84.97,85.01,85.01,85.01,14.40,0.00
2010-04-07,84.96,84.97,84.97,84.97,20.25,0.00
2010-04-06,84.70,84.96,84.96,84.96,21.92,0.00
2010-04-01,84.43,84.70,84.70,84.70,21.32,0.00
2010-03-31,84.36,84.43,84.43,84.43,61.97,0.00
2010-03-30,83.53,84.36,84.36,84.36,19.82,0.00
2010-03-29,84.02,83.53,83.53,83.53,19.35,0.00
2010-03-26,84.11,84.02,84.02,84.02,27.55,0.00
2010-03-25,83.93,84.11,84.11,84.11,17.80,0.00
2010-03-24,83.57,83.93,83.93,83.93,21.03,0.00
2010-03-23,82.96,83.57,83.57,83.57,23.54,0.00
2010-03-22,82.40,82.96,82.96,82.96,62.87,0.00
2010-03-19,83.32,82.40,82.40,82.40,55.62,0.00
2010-03-18,83.73,83.32,83.32,83.32,18.23,0.00
2010-03-17,83.90,83.73,83.73,83.73,48.81,0.00
2010-03-16,83.76,83.90,83.90,83.90,22.71,0.00
2010-03-15,83.52,83.76,83.76,83.76,22.72,0.00
2010-03-12,83.29,83.52,83.52,83.52,17.48,0.00
2010-03-11,82.76,83.29,83.29,83.29,19.02,0.00
2010-03-10,81.59,82.76,82.76,82.76,23.83,0.00
2010-03-09,80.99,81.59,81.59,81.59,31.95,0.00
2010-03-08,80.63,80.99,80.99,80.99,26.60,0.00
2010-03-05,80.41,80.63,80.63,80.63,16.49,0.00
2010-03-04,80.40,80.41,80.41,80.41,18.31,0.00
2010-03-03,80.00,80.40,80.40,80.40,17.81,0.00
2010-03-02,79.33,80.00,80.00,80.00,21.05,0.00
2010-03-01,79.18,79.33,79.33,79.33,12.34,0.00
2010-02-26,79.16,79.18,79.18,79.18,21.69,0.00
2010-02-25,78.98,79.16,79.16,79.16,32.12,0.00
2010-02-24,78.69,78.98,78.98,78.98,15.52,0.00
2010-02-23,78.62,78.69,78.69,78.69,8.21,0.00
2010-02-22,78.49,78.62,78.62,78.62,9.30,0.00
2010-02-19,78.13,78.49,78.49,78.49,30.62,0.00
2010-02-18,77.34,78.13,78.13,78.13,8.11,0.00
2010-02-17,78.38,77.34,77.34,77.34,16.99,0.00
2010-02-16,78.83,78.38,78.38,78.38,12.27,0.00
2010-02-15,79.06,78.83,78.83,78.83,7.56,0.00
2010-02-12,78.83,79.06,79.06,79.06,7.98,0.00
2010-02-11,79.05,78.83,78.83,78.83,7.07,0.00
2010-02-10,79.33,79.05,79.05,79.05,14.12,0.00
2010-02-09,79.37,79.33,79.33,79.33,23.26,0.00
2010-02-08,79.98,79.37,79.37,79.37,12.05,0.00
2010-02-05,79.75,79.98,79.98,79.98,28.81,0.00
2010-02-04,78.43,79.75,79.75,79.75,36.85,0.00
2010-02-03,77.31,78.43,78.43,78.43,46.11,0.00
2010-02-02,77.94,77.31,77.31,77.31,8.62,0.00
2010-02-01,78.15,77.94,77.94,77.94,22.44,0.00
2010-01-29,78.95,78.15,78.15,78.15,11.22,0.00
2010-01-28,79.76,78.95,78.95,78.95,15.26,0.00
2010-01-27,79.99,79.76,79.76,79.76,14.67,0.00
2010-01-26,80.02,79.99,79.99,79.99,36.83,0.00
2010-01-25,79.82,80.02,80.02,80.02,28.95,0.00
2010-01-22,79.99,79.82,79.82,79.82,16.33,0.00
2010-01-21,80.85,79.99,79.99,79.99,42.82,0.00
2010-01-20,81.61,80.85,80.85,80.85,27.21,0.00
2010-01-19,80.45,81.61,81.61,81.61,26.39,0.00
2010-01-18,78.08,80.45,80.45,80.45,101.31,0.00
2010-01-15,78.14,78.08,78.08,78.08,36.30,0.00
2010-01-14,76.25,78.14,78.14,78.14,42.86,0.00
2010-01-13,75.00,76.25,76.25,76.25,38.08,0.00
2010-01-12,74.67,75.00,75.00,75.00,57.89,0.00
2010-01-11,73.85,74.67,74.67,74.67,25.68,0.00
2010-01-08,73.62,73.85,73.85,73.85,42.45,0.00
2010-01-07,72.75,73.62,73.62,73.62,25.09,0.00
2010-01-06,71.94,72.75,72.75,72.75,7.25,0.00
2010-01-05,71.89,71.94,71.94,71.94,3.51,0.00
2010-01-04,71.64,71.89,71.89,71.89,3.73,0.00
2009-12-31,71.41,71.64,71.64,71.64,5.91,0.00
2009-12-30,71.75,71.41,71.41,71.41,10.46,0.00
2009-12-29,71.50,71.75,71.75,71.75,6.28,0.00
2009-12-28,71.27,71.50,71.50,71.50,6.96,0.00
2009-12-24,70.76,71.27,71.27,71.27,4.20,0.00
2009-12-23,70.62,70.76,70.76,70.76,11.39,0.00
2009-12-22,70.48,70.62,70.62,70.62,4.81,0.00
2009-12-21,71.00,70.48,70.48,70.48,11.42,0.00
2009-12-18,70.82,71.00,71.00,71.00,6.17,0.00
2009-12-17,70.59,70.82,70.82,70.82,11.32,0.00
2009-12-16,70.38,70.59,70.59,70.59,18.27,0.00
2009-12-15,70.02,70.38,70.38,70.38,12.88,0.00
2009-12-14,70.16,70.02,70.02,70.02,5.23,0.00
2009-12-11,70.14,70.16,70.16,70.16,9.02,0.00
2009-12-10,69.83,70.14,70.14,70.14,8.67,0.00
2009-12-09,69.81,69.83,69.83,69.83,14.36,0.00
2009-12-08,69.53,69.81,69.81,69.81,19.05,0.00
2009-12-07,70.17,69.53,69.53,69.53,12.58,0.00
2009-12-04,70.51,70.17,70.17,70.17,7.83,0.00
2009-12-03,70.93,70.51,70.51,70.51,6.81,0.00
2009-12-02,71.02,70.93,70.93,70.93,15.14,0.00
2009-12-01,71.29,71.02,71.02,71.02,6.08,0.00
2009-11-30,72.00,71.29,71.29,71.29,9.64,0.00
2009-11-27,72.08,72.00,72.00,72.00,18.17,0.00
2009-11-26,71.55,72.08,72.08,72.08,25.67,0.00
2009-11-25,70.56,71.55,71.55,71.55,33.49,0.00
2009-11-24,70.75,70.56,70.56,70.56,27.35,0.00
2009-11-23,69.76,70.75,70.75,70.75,38.51,0.00
2009-11-20,68.86,69.76,69.76,69.76,54.25,0.00
2009-11-19,68.38,68.86,68.86,68.86,18.43,0.00
2009-11-18,68.38,68.38,68.38,68.38,6.60,0.00
2009-11-17,68.49,68.38,68.38,68.38,10.33,0.00
2009-11-16,68.43,68.49,68.49,68.49,6.28,0.00
2009-11-13,68.41,68.43,68.43,68.43,34.69,0.00
2009-11-12,68.37,68.41,68.41,68.41,11.14,0.00
2009-11-11,68.21,68.37,68.37,68.37,6.55,0.00
2009-11-10,68.23,68.21,68.21,68.21,15.33,0.00
2009-11-09,68.12,68.23,68.23,68.23,10.38,0.00
2009-11-06,67.52,68.12,68.12,68.12,11.75,0.00
2009-11-05,67.54,67.52,67.52,67.52,20.13,0.00
2009-11-04,67.65,67.54,67.54,67.54,11.34,0.00
2009-11-03,67.84,67.65,67.65,67.65,15.63,0.00
2009-11-02,67.68,67.84,67.84,67.84,10.67,0.00
2009-10-29,67.16,67.37,67.37,67.37,15.78,0.00
2009-10-28,67.09,67.16,67.16,67.16,16.59,0.00
2009-10-27,67.25,67.09,67.09,67.09,31.08,0.00
2009-10-26,67.09,67.25,67.25,67.25,9.34,0.00
2009-10-22,66.74,66.97,66.97,66.97,13.52,0.00
2009-10-21,66.00,66.74,66.74,66.74,14.32,0.00
2009-10-19,66.71,66.00,66.00,66.00,22.01,0.00
2009-10-16,66.16,66.71,66.71,66.71,12.80,0.00
2009-10-15,65.90,66.16,66.16,66.16,10.70,0.00
2009-10-14,65.89,65.90,65.90,65.90,20.08,0.00
2009-10-13,65.62,65.89,65.89,65.89,14.40,0.00
2009-10-12,65.71,65.62,65.62,65.62,7.66,0.00
2009-10-09,65.74,65.71,65.71,65.71,11.50,0.00
2009-10-08,65.84,65.74,65.74,65.74,10.07,0.00
2009-10-07,66.41,65.84,65.84,65.84,15.25,0.00
2009-10-06,66.79,66.41,66.41,66.41,9.07,0.00
2009-10-05,67.22,66.79,66.79,66.79,6.63,0.00
2009-10-02,67.04,67.22,67.22,67.22,7.67,0.00
2009-10-01,66.73,67.04,67.04,67.04,8.87,0.00
2009-09-30,67.21,66.73,66.73,66.73,16.97,0.00
2009-09-29,67.39,67.21,67.21,67.21,14.65,0.00
2009-09-28,67.62,67.39,67.39,67.39,6.82,0.00
2009-09-25,68.14,67.62,67.62,67.62,12.77,0.00
2009-09-24,67.81,68.14,68.14,68.14,12.01,0.00
2009-09-23,67.57,67.81,67.81,67.81,21.95,0.00
2009-09-22,67.95,67.57,67.57,67.57,11.25,0.00
2009-09-18,68.15,67.95,67.95,67.95,14.58,0.00
2009-09-17,68.26,68.15,68.15,68.15,18.89,0.00
2009-09-16,68.13,68.26,68.26,68.26,17.88,0.00
2009-09-15,68.33,68.13,68.13,68.13,13.14,0.00
2009-09-14,68.10,68.33,68.33,68.33,9.14,0.00
2009-09-11,67.87,68.10,68.10,68.10,5.02,0.00
2009-09-10,68.34,67.87,67.87,67.87,7.19,0.00
2009-09-09,68.44,68.34,68.34,68.34,9.46,0.00
2009-09-08,69.91,68.44,68.44,68.44,6.73,0.00
2009-09-07,69.14,69.91,69.91,69.91,4.83,0.00
2009-09-04,69.42,69.14,69.14,69.14,6.15,0.00
2009-09-03,69.05,69.42,69.42,69.42,8.03,0.00
2009-09-02,67.94,69.05,69.05,69.05,6.63,0.00
2009-09-01,67.79,67.94,67.94,67.94,7.56,0.00
2009-08-31,67.20,67.79,67.79,67.79,23.46,0.00
2009-08-28,67.53,67.20,67.20,67.20,7.28,0.00
2009-08-27,67.82,67.53,67.53,67.53,14.52,0.00
2009-08-26,68.50,67.82,67.82,67.82,16.09,0.00
2009-08-24,69.16,68.50,68.50,68.50,12.13,0.00
2009-08-21,69.40,69.16,69.16,69.16,15.67,0.00
2009-08-20,70.21,69.40,69.40,69.40,17.93,0.00
2009-08-19,70.49,70.21,70.21,70.21,23.71,0.00
2009-08-18,70.62,70.49,70.49,70.49,10.11,0.00
2009-08-17,71.27,70.62,70.62,70.62,13.54,0.00
2009-08-14,71.12,71.27,71.27,71.27,15.22,0.00
2009-08-13,71.40,71.12,71.12,71.12,16.28,0.00
2009-08-12,71.64,71.40,71.40,71.40,8.46,0.00
2009-08-11,71.59,71.64,71.64,71.64,8.82,0.00
2009-08-10,71.98,71.59,71.59,71.59,16.29,0.00
2009-08-07,71.81,71.98,71.98,71.98,8.30,0.00
2009-08-06,71.55,71.81,71.81,71.81,13.27,0.00
2009-08-05,71.43,71.55,71.55,71.55,13.66,0.00
2009-08-04,71.33,71.43,71.43,71.43,15.62,0.00
2009-08-03,71.43,71.33,71.33,71.33,10.49,0.00
2009-07-31,70.99,71.43,71.43,71.43,15.68,0.00
2009-07-30,71.50,70.99,70.99,70.99,15.39,0.00
2009-07-28,71.61,71.50,71.50,71.50,8.70,0.00
2009-07-27,71.85,71.61,71.61,71.61,10.62,0.00
2009-07-24,71.79,71.85,71.85,71.85,6.77,0.00
2009-07-23,71.63,71.79,71.79,71.79,15.88,0.00
2009-07-22,71.42,71.63,71.63,71.63,10.34,0.00
2009-07-21,71.20,71.42,71.42,71.42,6.60,0.00
2009-07-20,71.30,71.20,71.20,71.20,8.36,0.00
2009-07-17,71.15,71.30,71.30,71.30,11.42,0.00
2009-07-16,69.98,71.15,71.15,71.15,9.69,0.00
2009-07-15,70.44,69.98,69.98,69.98,13.26,0.00
2009-07-14,71.37,70.44,70.44,70.44,13.14,0.00
2009-07-13,71.60,71.37,71.37,71.37,8.22,0.00
2009-07-10,71.85,71.60,71.60,71.60,16.45,0.00
2009-07-09,72.43,71.85,71.85,71.85,6.99,0.00
2009-07-08,73.39,72.43,72.43,72.43,16.38,0.00
2009-07-07,73.53,73.39,73.39,73.39,12.56,0.00
2009-07-06,73.27,73.53,73.53,73.53,19.37,0.00
2009-07-03,72.30,73.27,73.27,73.27,21.12,0.00
2009-07-02,71.16,72.30,72.30,72.30,13.06,0.00
2009-07-01,70.96,71.16,71.16,71.16,18.57,0.00
2009-06-30,69.99,70.96,70.96,70.96,20.37,0.00
2009-06-29,70.01,69.99,69.99,69.99,22.54,0.00
2009-06-26,69.74,70.01,70.01,70.01,6.86,0.00
2009-06-25,69.60,69.74,69.74,69.74,24.26,0.00
2009-06-24,71.21,69.60,69.60,69.60,12.85,0.00
2009-06-23,71.70,71.21,71.21,71.21,19.36,0.00
2009-06-22,70.52,71.70,71.70,71.70,14.42,0.00
2009-06-19,69.20,70.52,70.52,70.52,26.15,0.00
2009-06-18,66.44,69.20,69.20,69.20,27.72,0.00
2009-06-17,65.36,66.44,66.44,66.44,18.21,0.00
2009-06-16,64.52,65.36,65.36,65.36,16.45,0.00
2009-06-15,63.92,64.52,64.52,64.52,17.88,0.00
2009-06-12,62.95,63.92,63.92,63.92,22.19,0.00
2009-06-11,62.35,62.95,62.95,62.95,22.18,0.00
2009-06-10,61.99,62.35,62.35,62.35,11.20,0.00
2009-06-09,61.61,61.99,61.99,61.99,10.30,0.00
2009-06-08,61.38,61.61,61.61,61.61,10.69,0.00
2009-06-05,61.01,61.38,61.38,61.38,21.78,0.00
2009-06-04,60.60,61.01,61.01,61.01,13.14,0.00
2009-06-03,58.99,60.60,60.60,60.60,15.59,0.00
2009-06-02,59.75,58.99,58.99,58.99,23.35,0.00
2009-05-29,59.70,59.75,59.75,59.75,20.30,0.00
2009-05-28,59.58,59.70,59.70,59.70,21.96,0.00
2009-05-27,59.40,59.58,59.58,59.58,22.60,0.00
2009-05-26,59.47,59.40,59.40,59.40,26.48,0.00
2009-05-25,59.63,59.47,59.47,59.47,16.69,0.00
2009-05-22,59.72,59.63,59.63,59.63,13.00,0.00
2009-05-21,60.00,59.72,59.72,59.72,24.53,0.00
2009-05-20,59.86,60.00,60.00,60.00,27.79,0.00
2009-05-19,59.85,59.86,59.86,59.86,11.15,0.00
2009-05-18,59.83,59.85,59.85,59.85,7.33,0.00
2009-05-15,59.39,59.83,59.83,59.83,6.23,0.00
2009-05-14,59.47,59.39,59.39,59.39,8.39,0.00
2009-05-13,59.10,59.47,59.47,59.47,6.40,0.00
2009-05-12,59.27,59.10,59.10,59.10,9.35,0.00
2009-05-11,59.00,59.27,59.27,59.27,13.07,0.00
2009-05-08,58.98,59.00,59.00,59.00,9.76,0.00
2009-05-07,58.80,58.98,58.98,58.98,19.19,0.00
2009-05-06,58.84,58.80,58.80,58.80,10.91,0.00
2009-05-05,58.63,58.84,58.84,58.84,22.41,0.00
2009-05-04,58.86,58.63,58.63,58.63,10.42,0.00
2009-04-30,59.00,58.86,58.86,58.86,6.90,0.00
2009-04-29,58.98,59.00,59.00,59.00,6.13,0.00
2009-04-28,58.88,58.98,58.98,58.98,9.09,0.00
2009-04-27,58.76,58.88,58.88,58.88,9.67,0.00
2009-04-24,58.48,58.76,58.76,58.76,15.06,0.00
2009-04-23,57.91,58.48,58.48,58.48,19.35,0.00
2009-04-22,57.72,57.91,57.91,57.91,7.63,0.00
2009-04-21,57.42,57.72,57.72,57.72,19.12,0.00
2009-04-20,56.87,57.42,57.42,57.42,18.56,0.00
2009-04-17,56.86,56.87,56.87,56.87,19.25,0.00
2009-04-16,57.26,56.86,56.86,56.86,12.85,0.00
2009-04-15,57.23,57.26,57.26,57.26,6.57,0.00
2009-04-14,58.22,57.23,57.23,57.23,3.93,0.00
2009-04-09,59.03,58.22,58.22,58.22,5.87,0.00
2009-04-08,59.48,59.03,59.03,59.03,6.99,0.00
2009-04-07,59.53,59.48,59.48,59.48,10.17,0.00
2009-04-06,58.92,59.53,59.53,59.53,8.02,0.00
2009-04-03,59.43,58.92,58.92,58.92,14.60,0.00
2009-04-02,59.47,59.43,59.43,59.43,9.50,0.00
2009-04-01,59.49,59.47,59.47,59.47,6.26,0.00
2009-03-31,58.88,59.49,59.49,59.49,12.67,0.00
2009-03-30,58.05,58.88,58.88,58.88,8.75,0.00
2009-03-27,56.78,58.05,58.05,58.05,9.29,0.00
2009-03-26,56.12,56.78,56.78,56.78,5.25,0.00
2009-03-25,55.96,56.12,56.12,56.12,19.41,0.00
2009-03-24,56.29,55.96,55.96,55.96,5.63,0.00
2009-03-23,56.80,56.29,56.29,56.29,5.10,0.00
2009-03-20,57.05,56.80,56.80,56.80,5.02,0.00
2009-03-19,57.82,57.05,57.05,57.05,11.39,0.00
2009-03-18,57.95,57.82,57.82,57.82,6.06,0.00
2009-03-17,57.78,57.95,57.95,57.95,10.28,0.00
2009-03-16,55.73,57.78,57.78,57.78,8.92,0.00
2009-03-13,52.93,55.73,55.73,55.73,11.01,0.00
2009-03-12,51.13,52.93,52.93,52.93,17.41,0.00
2009-03-11,51.08,51.13,51.13,51.13,3.78,0.00
2009-03-10,50.83,51.08,51.08,51.08,4.86,0.00
2009-03-09,51.28,50.83,50.83,50.83,7.14,0.00
2009-03-06,51.27,51.28,51.28,51.28,13.46,0.00
2009-03-05,51.11,51.27,51.27,51.27,6.59,0.00
2009-03-04,51.74,51.11,51.11,51.11,11.99,0.00
2009-03-03,52.16,51.74,51.74,51.74,10.13,0.00
2009-03-02,52.82,52.16,52.16,52.16,13.23,0.00
2009-02-27,53.93,52.82,52.82,52.82,8.52,0.00
2009-02-26,55.36,53.93,53.93,53.93,5.31,0.00
2009-02-25,56.30,55.36,55.36,55.36,9.18,0.00
2009-02-24,57.32,56.30,56.30,56.30,7.17,0.00
2009-02-23,57.97,57.32,57.32,57.32,7.03,0.00
2009-02-20,58.97,57.97,57.97,57.97,4.12,0.00
2009-02-19,59.86,58.97,58.97,58.97,8.60,0.00
2009-02-18,60.84,59.86,59.86,59.86,9.13,0.00
2009-02-17,61.30,60.84,60.84,60.84,6.60,0.00
2009-02-16,61.79,61.30,61.30,61.30,7.77,0.00
2009-02-13,62.03,61.79,61.79,61.79,7.33,0.00
2009-02-12,62.38,62.03,62.03,62.03,10.60,0.00
2009-02-11,63.12,62.38,62.38,62.38,6.32,0.00
2009-02-10,63.42,63.12,63.12,63.12,7.31,0.00
2009-02-09,63.80,63.42,63.42,63.42,4.39,0.00
2009-02-06,64.02,63.80,63.80,63.80,3.50,0.00
2009-02-05,63.99,64.02,64.02,64.02,11.92,0.00
2009-02-04,64.71,63.99,63.99,63.99,8.36,0.00
2009-02-03,66.23,64.71,64.71,64.71,11.23,0.00
2009-02-02,67.17,66.23,66.23,66.23,6.22,0.00
2009-01-30,67.93,67.17,67.17,67.17,5.04,0.00
2009-01-29,68.22,67.93,67.93,67.93,8.63,0.00
2009-01-28,68.25,68.22,68.22,68.22,5.48,0.00
2009-01-27,68.00,68.25,68.25,68.25,18.25,0.00
2009-01-26,67.64,68.00,68.00,68.00,10.76,0.00
2009-01-23,68.09,67.64,67.64,67.64,12.29,0.00
2009-01-22,68.49,68.09,68.09,68.09,8.40,0.00
2009-01-21,69.43,68.49,68.49,68.49,8.68,0.00
2009-01-20,70.21,69.43,69.43,69.43,9.63,0.00
2009-01-19,71.06,70.21,70.21,70.21,6.44,0.00
2009-01-16,71.68,71.06,71.06,71.06,11.93,0.00
2009-01-15,71.91,71.68,71.68,71.68,7.40,0.00
2009-01-14,71.98,71.91,71.91,71.91,6.16,0.00
2009-01-13,72.44,71.98,71.98,71.98,11.02,0.00
2009-01-12,72.82,72.44,72.44,72.44,7.23,0.00
2009-01-09,73.07,72.82,72.82,72.82,10.53,0.00
2009-01-08,73.56,73.07,73.07,73.07,6.17,0.00
2009-01-07,73.94,73.56,73.56,73.56,9.25,0.00
2009-01-06,74.14,73.94,73.94,73.94,6.82,0.00
2009-01-05,74.20,74.14,74.14,74.14,3.66,0.00
2009-01-02,73.37,74.20,74.20,74.20,3.75,0.00
2008-12-31,72.63,73.37,73.37,73.37,5.73,0.00
2008-12-30,71.67,72.63,72.63,72.63,28.33,0.00
2008-12-29,71.79,71.67,71.67,71.67,16.35,0.00
2008-12-24,71.56,71.79,71.79,71.79,6.36,0.00
2008-12-23,71.19,71.56,71.56,71.56,6.46,0.00
2008-12-22,71.35,71.19,71.19,71.19,5.64,0.00
2008-12-19,71.19,71.35,71.35,71.35,14.54,0.00
2008-12-18,70.59,71.19,71.19,71.19,8.30,0.00
2008-12-17,70.52,70.59,70.59,70.59,5.79,0.00
2008-12-16,70.07,70.52,70.52,70.52,8.08,0.00
2008-12-15,69.36,70.07,70.07,70.07,4.50,0.00
2008-12-11,68.52,69.36,69.36,69.36,4.76,0.00
2008-12-10,67.97,68.52,68.52,68.52,7.91,0.00
2008-12-09,67.41,67.97,67.97,67.97,8.53,0.00
2008-12-08,67.21,67.41,67.41,67.41,5.08,0.00
2008-12-05,66.81,67.21,67.21,67.21,7.20,0.00
2008-12-04,67.56,66.81,66.81,66.81,10.01,0.00
2008-12-03,67.71,67.56,67.56,67.56,5.00,0.00
2008-12-02,70.32,67.71,67.71,67.71,8.01,0.00
2008-12-01,71.28,70.32,70.32,70.32,4.30,0.00
2008-11-28,72.35,71.28,71.28,71.28,9.78,0.00
2008-11-27,72.93,72.35,72.35,72.35,3.21,0.00
2008-11-26,73.21,72.93,72.93,72.93,8.08,0.00
2008-11-25,73.97,73.21,73.21,73.21,9.38,0.00
2008-11-24,74.84,73.97,73.97,73.97,10.86,0.00
2008-11-21,74.97,74.84,74.84,74.84,20.45,0.00
2008-11-20,75.35,74.97,74.97,74.97,12.41,0.00
2008-11-19,76.52,75.35,75.35,75.35,10.40,0.00
2008-11-18,76.71,76.52,76.52,76.52,15.28,0.00
2008-11-17,76.79,76.71,76.71,76.71,8.92,0.00
2008-11-14,77.11,76.79,76.79,76.79,17.66,0.00
2008-11-13,77.36,77.11,77.11,77.11,7.49,0.00
2008-11-12,80.26,77.36,77.36,77.36,18.60,0.00
2008-11-11,80.33,80.26,80.26,80.26,28.11,0.00
2008-11-10,80.23,80.33,80.33,80.33,12.94,0.00
2008-11-07,83.19,80.23,80.23,80.23,31.05,0.00
2008-11-05,77.19,83.19,83.19,83.19,33.71,0.00
2008-11-04,72.24,77.19,77.19,77.19,18.86,0.00
2008-11-03,68.84,72.24,72.24,72.24,13.71,0.00
2008-10-31,63.96,68.84,68.84,68.84,26.98,0.00
2008-10-30,62.36,63.96,63.96,63.96,15.35,0.00
2008-10-29,64.07,62.36,62.36,62.36,12.40,0.00
2008-10-28,66.81,64.07,64.07,64.07,11.32,0.00
2008-10-27,68.55,66.81,66.81,66.81,13.08,0.00
2008-10-24,71.01,68.55,68.55,68.55,10.93,0.00
2008-10-23,72.54,71.01,71.01,71.01,12.28,0.00
2008-10-22,74.09,72.54,72.54,72.54,8.90,0.00
2008-10-21,76.10,74.09,74.09,74.09,12.28,0.00
2008-10-17,77.61,76.10,76.10,76.10,10.11,0.00
2008-10-16,77.98,77.61,77.61,77.61,15.03,0.00
2008-10-15,78.12,77.98,77.98,77.98,20.20,0.00
2008-10-14,78.92,78.12,78.12,78.12,23.98,0.00
2008-10-13,79.49,78.92,78.92,78.92,20.41,0.00
2008-10-09,82.18,79.49,79.49,79.49,76.84,0.00
2008-10-08,85.23,82.18,82.18,82.18,22.05,0.00
2008-10-07,87.25,85.23,85.23,85.23,29.95,0.00
2008-10-06,87.72,87.25,87.25,87.25,12.62,0.00
2008-10-03,87.74,87.72,87.72,87.72,31.81,0.00
2008-10-02,87.75,87.74,87.74,87.74,6.96,0.00
2008-09-30,89.42,87.75,87.75,87.75,12.36,0.00
2008-09-29,89.50,89.42,89.42,89.42,10.00,0.00
2008-09-26,90.04,89.50,89.50,89.50,17.66,0.00
2008-09-25,90.42,90.04,90.04,90.04,36.77,0.00
2008-09-24,91.03,90.42,90.42,90.42,25.64,0.00
2008-09-23,90.55,91.03,91.03,91.03,29.12,0.00
2008-09-22,88.52,90.55,90.55,90.55,25.49,0.00
2008-09-19,85.99,88.52,88.52,88.52,40.31,0.00
2008-09-18,84.76,85.99,85.99,85.99,45.29,0.00
2008-09-17,85.51,84.76,84.76,84.76,11.62,0.00
2008-09-16,88.47,85.51,85.51,85.51,52.04,0.00
2008-09-15,90.30,88.47,88.47,88.47,7.87,0.00
2008-09-12,91.36,90.30,90.30,90.30,29.05,0.00
2008-09-11,92.22,91.36,91.36,91.36,16.67,0.00
2008-09-10,93.75,92.22,92.22,92.22,24.57,0.00
2008-09-09,94.81,93.75,93.75,93.75,15.24,0.00
2008-09-08,95.12,94.81,94.81,94.81,15.26,0.00
2008-09-05,95.43,95.12,95.12,95.12,19.05,0.00
2008-09-04,96.52,95.43,95.43,95.43,12.10,0.00
2008-09-03,97.21,96.52,96.52,96.52,17.38,0.00
2008-09-02,97.17,97.21,97.21,97.21,9.44,0.00
2008-09-01,97.55,97.17,97.17,97.17,12.25,0.00
2008-08-29,97.41,97.55,97.55,97.55,50.63,0.00
2008-08-28,98.41,97.41,97.41,97.41,26.84,0.00
2008-08-27,99.08,98.41,98.41,98.41,22.14,0.00
2008-08-26,99.62,99.08,99.08,99.08,24.03,0.00
2008-08-25,99.91,99.62,99.62,99.62,19.21,0.00
2008-08-22,100.35,99.91,99.91,99.91,10.17,0.00
2008-08-21,100.57,100.35,100.35,100.35,20.94,0.00
2008-08-20,100.73,100.57,100.57,100.57,15.97,0.00
2008-08-19,100.16,100.73,100.73,100.73,21.28,0.00
2008-08-18,99.63,100.16,100.16,100.16,15.09,0.00
2008-08-15,97.40,99.63,99.63,99.63,34.26,0.00
2008-08-14,95.78,97.40,97.40,97.40,13.21,0.00
2008-08-13,96.19,95.78,95.78,95.78,28.01,0.00
2008-08-12,98.02,96.19,96.19,96.19,20.27,0.00
2008-08-11,98.51,98.02,98.02,98.02,16.66,0.00
2008-08-08,99.32,98.51,98.51,98.51,9.55,0.00
2008-08-07,99.35,99.32,99.32,99.32,23.25,0.00
2008-08-06,100.32,99.35,99.35,99.35,12.85,0.00
2008-08-05,101.40,100.32,100.32,100.32,24.84,0.00
2008-08-04,101.14,101.40,101.40,101.40,54.39,0.00
2008-08-01,101.74,101.14,101.14,101.14,27.10,0.00
2008-07-31,103.27,101.74,101.74,101.74,22.15,0.00
2008-07-30,104.72,103.27,103.27,103.27,53.25,0.00
2008-07-29,105.79,104.72,104.72,104.72,37.63,0.00
2008-07-28,105.59,105.79,105.79,105.79,20.01,0.00
2008-07-25,105.71,105.59,105.59,105.59,121.21,0.00
2008-07-24,105.98,105.71,105.71,105.71,22.29,0.00
2008-07-23,106.15,105.98,105.98,105.98,27.00,0.00
2008-07-22,105.86,106.15,106.15,106.15,32.07,0.00
2008-07-21,105.95,105.86,105.86,105.86,25.76,0.00
2008-07-18,107.73,105.95,105.95,105.95,113.38,0.00
2008-07-17,108.13,107.73,107.73,107.73,23.71,0.00
2008-07-16,108.22,108.13,108.13,108.13,34.67,0.00
2008-07-15,109.12,108.22,108.22,108.22,37.24,0.00
2008-07-14,109.46,109.12,109.12,109.12,22.55,0.00
2008-07-11,109.00,109.46,109.46,109.46,32.47,0.00
2008-07-10,108.27,109.00,109.00,109.00,69.78,0.00
2008-07-09,108.35,108.27,108.27,108.27,53.01,0.00
2008-07-08,109.25,108.35,108.35,108.35,71.74,0.00
2008-07-07,109.47,109.25,109.25,109.25,33.60,0.00
2008-07-04,110.49,109.47,109.47,109.47,30.98,0.00
2008-07-03,110.91,110.49,110.49,110.49,55.87,0.00
2008-07-02,111.71,110.91,110.91,110.91,66.38,0.00
2008-07-01,112.11,111.71,111.71,111.71,45.88,0.00
2008-06-30,111.21,112.11,112.11,112.11,41.57,0.00
2008-06-27,112.07,111.21,111.21,111.21,87.23,0.00
2008-06-26,113.18,112.07,112.07,112.07,62.93,0.00
2008-06-25,113.73,113.18,113.18,113.18,73.93,0.00
2008-06-24,113.96,113.73,113.73,113.73,61.77,0.00
2008-06-23,114.32,113.96,113.96,113.96,107.99,0.00
2008-06-20,114.76,114.32,114.32,114.32,67.66,0.00
2008-06-19,114.53,114.76,114.76,114.76,66.07,0.00
2008-06-18,115.11,114.53,114.53,114.53,121.11,0.00
2008-06-17,115.39,115.11,115.11,115.11,128.00,0.00
2008-06-16,113.64,115.39,115.39,115.39,110.05,0.00
2008-06-13,110.84,113.64,113.64,113.64,260.09,0.00
2008-06-12,111.77,110.84,110.84,110.84,137.52,0.00
2008-06-11,111.86,111.77,111.77,111.77,192.69,0.00
2008-06-10,116.24,111.86,111.86,111.86,136.04,0.00
2008-06-09,115.20,116.24,116.24,116.24,426.81,0.00
2008-06-06,114.20,115.20,115.20,115.20,26.86,0.00
2008-06-05,111.94,114.20,114.20,114.20,21.48,0.00
2008-06-04,110.14,111.94,111.94,111.94,16.05,0.00
2008-06-03,108.82,110.14,110.14,110.14,8.95,0.00
2008-05-30,107.39,108.82,108.82,108.82,10.30,0.00
2008-05-28,106.54,107.39,107.39,107.39,7.17,0.00
2008-05-27,106.65,106.54,106.54,106.54,5.98,0.00
2008-05-26,106.97,106.65,106.65,106.65,6.82,0.00
2008-05-23,107.08,106.97,106.97,106.97,5.48,0.00
2008-05-22,106.53,107.08,107.08,107.08,7.02,0.00
2008-05-21,106.35,106.53,106.53,106.53,8.04,0.00
2008-05-20,106.29,106.35,106.35,106.35,6.54,0.00
2008-05-19,106.40,106.29,106.29,106.29,5.03,0.00
2008-05-16,106.27,106.40,106.40,106.40,6.47,0.00
2008-05-15,106.43,106.27,106.27,106.27,8.02,0.00
2008-05-14,106.76,106.43,106.43,106.43,5.85,0.00
2008-05-13,107.85,106.76,106.76,106.76,8.60,0.00
2008-05-12,108.01,107.85,107.85,107.85,9.55,0.00
2008-05-09,109.31,108.01,108.01,108.01,11.21,0.00
2008-05-08,109.72,109.31,109.31,109.31,10.05,0.00
2008-05-07,108.56,109.72,109.72,109.72,7.66,0.00
2008-05-06,107.93,108.56,108.56,108.56,12.39,0.00
2008-05-05,107.79,107.93,107.93,107.93,9.11,0.00
2008-05-02,107.78,107.79,107.79,107.79,9.01,0.00
2008-04-30,106.66,107.78,107.78,107.78,11.32,0.00
2008-04-29,105.26,106.66,106.66,106.66,7.34,0.00
2008-04-28,104.37,105.26,105.26,105.26,7.37,0.00
2008-04-25,103.78,104.37,104.37,104.37,8.97,0.00
2008-04-24,102.73,103.78,103.78,103.78,10.36,0.00
2008-04-23,102.77,102.73,102.73,102.73,3.98,0.00
2008-04-22,102.76,102.77,102.77,102.77,5.10,0.00
2008-04-21,101.97,102.76,102.76,102.76,5.10,0.00
2008-04-18,100.36,101.97,101.97,101.97,6.70,0.00
2008-04-17,99.75,100.36,100.36,100.36,4.89,0.00
2008-04-16,99.84,99.75,99.75,99.75,6.03,0.00
2008-04-15,99.35,99.84,99.84,99.84,6.04,0.00
2008-04-14,98.56,99.35,99.35,99.35,6.10,0.00
2008-04-11,98.42,98.56,98.56,98.56,4.70,0.00
2008-04-10,98.20,98.42,98.42,98.42,4.50,0.00
2008-04-09,98.51,98.20,98.20,98.20,6.73,0.00
2008-04-08,97.65,98.51,98.51,98.51,7.34,0.00
2008-04-07,96.60,97.65,97.65,97.65,5.71,0.00
2008-04-04,95.77,96.60,96.60,96.60,5.55,0.00
2008-04-03,94.62,95.77,95.77,95.77,6.87,0.00
2008-04-02,94.71,94.62,94.62,94.62,5.93,0.00
2008-04-01,94.64,94.71,94.71,94.71,5.04,0.00
2008-03-31,94.77,94.64,94.64,94.64,6.81,0.00
2008-03-28,94.98,94.77,94.77,94.77,4.20,0.00
2008-03-27,94.99,94.98,94.98,94.98,6.83,0.00
2008-03-26,95.64,94.99,94.99,94.99,6.00,0.00
2008-03-25,95.51,95.64,95.64,95.64,8.74,0.00
2008-03-20,94.59,95.51,95.51,95.51,8.09,0.00
2008-03-19,93.98,94.59,94.59,94.59,5.33,0.00
2008-03-18,95.15,93.98,93.98,93.98,9.21,0.00
2008-03-17,97.07,95.15,95.15,95.15,8.20,0.00
2008-03-14,99.19,97.07,97.07,97.07,11.93,0.00
2008-03-13,99.22,99.19,99.19,99.19,7.82,0.00
2008-03-12,100.73,99.22,99.22,99.22,6.74,0.00
2008-03-11,101.75,100.73,100.73,100.73,9.88,0.00
2008-03-10,102.19,101.75,101.75,101.75,9.38,0.00
2008-03-07,103.69,102.19,102.19,102.19,9.63,0.00
2008-03-06,103.09,103.69,103.69,103.69,13.76,0.00
2008-03-05,102.08,103.09,103.09,103.09,21.87,0.00
2008-03-04,99.86,102.08,102.08,102.08,14.26,0.00
2008-03-03,98.60,99.86,99.86,99.86,11.87,0.00
2008-02-29,94.24,98.60,98.60,98.60,20.32,0.00
2008-02-28,94.75,94.24,94.24,94.24,8.16,0.00
2008-02-27,95.42,94.75,94.75,94.75,8.47,0.00
2008-02-26,96.18,95.42,95.42,95.42,6.94,0.00
2008-02-25,93.40,96.18,96.18,96.18,12.14,0.00
,,,,,,
,,,,,,
,,,,,,
,,,,,,
,,,,,,
,,,,,,
,,,,,,
,,,,,,
,,,,,,
,,,,,,
,,,,,,
,,,,,,
,,,,,,
,,,,,,
,,,,,,
,,,,,,
,,,,,,
,,,,,,
,,,,,,
,,,,,,
,,,,,,
,,,,,,
,,,,,,
,,,,,,
,,,,,,
,,,,,,
,,,,,,
,,,,,,
,,,,,,
,,,,,,
,,,,,,
,,,,,,
,,,,,,
,,,,,,
,,,,,,
,,,,,,
,,,,,,
,,,,,,
,,,,,,
,,,,,,
,,,,,,
,,,,,,
,,,,,,
,,,,,,
,,,,,,
,,,,,,
,,,,,,
,,,,,,
,,,,,,
,,,,,,
,,,,,,
,,,,,,
,,,,,,
,,,,,,
,,,,,,
,,,,,,
,,,,,,
,,,,,,
,,,,,,
,,,,,,
,,,,,,
,,,,,,
,,,,,,
,,,,,,
,,,,,,
,,,,,,
,,,,,,
,,,,,,
,,,,,,
,,,,,,
,,,,,,
,,,,,,
,,,,,,
,,,,,,
,,,,,,
,,,,,,
,,,,,,
,,,,,,
,,,,,,
,,,,,,
,,,,,,
,,,,,,
,,,,,,
,,,,,,
,,,,,,
,,,,,,
,,,,,,
,,,,,,
,,,,,,
,,,,,,
,,,,,,
,,,,,,
,,,,,,
,,,,,,
,,,,,,
,,,,,,
,,,,,,
,,,,,,
,,,,,,
,,,,,,
,,,,,,
,,,,,,
,,,,,,
,,,,,,
,,,,,,
,,,,,,
,,,,,,
,,,,,,
,,,,,,
,,,,,,
,,,,,,
,,,,,,
,,,,,,
,,,,,,
,,,,,,
,,,,,,
,,,,,,
,,,,,,
,,,,,,
,,,,,,
,,,,,,
,,,,,,
,,,,,,
,,,,,,
,,,,,,
,,,,,,
,,,,,,
,,,,,,
,,,,,,
,,,,,,
,,,,,,
,,,,,,
,,,,,,
,,,,,,
,,,,,,
