Date,Open,High,Low,Price,volume,Adj Close
2015-09-28,224,229,222,225,1300,0
2015-09-28,224,229,222,225,1300,0
2015-09-25,230,234,221,224,2600,0
2015-09-25,230,234,221,224,2600,0
2015-09-24,229,231,229,230,2200,0
2015-09-24,229,231,229,230,2200,0
2015-09-23,227,230,229,229,30800,0
2015-09-23,227,230,229,229,30800,0
2015-09-22,232,230,221,227,5900,0
2015-09-22,232,230,221,227,5900,0
2015-09-21,233,235,220,232,6900,0
2015-09-21,233,235,220,232,6900,0
2015-09-18,239,235,233,233,2600,0
2015-09-18,239,235,233,233,2600,0
2015-09-17,240,240,235,239,12100,0
2015-09-17,240,240,235,239,12100,0
2015-09-16,244,245,240,240,3000,0
2015-09-16,244,245,240,240,3000,0
2015-09-15,245,245,240,244,202800,0
2015-09-15,245,245,240,244,202800,0
2015-09-14,246,247,245,245,65800,0
2015-09-14,246,247,245,245,65800,0
2015-09-11,246,247,245,246,11800,0
2015-09-11,246,247,245,246,11800,0
2015-09-10,241,248,245,246,35900,0
2015-09-10,241,248,245,246,35900,0
2015-09-09,243,243,240,241,1400,0
2015-09-09,243,243,240,241,1400,0
2015-09-08,243,244,240,243,41400,0
2015-09-08,243,244,240,243,41400,0
2015-09-07,234,244,241,243,1900,0
2015-09-07,234,244,241,243,1900,0
2015-09-04,227,241,230,234,6900,0
2015-09-04,227,241,230,234,6900,0
2015-09-03,227,228,226,227,2000,0
2015-09-03,227,228,226,227,2000,0
2015-09-02,230,230,225,227,1700,0
2015-09-01,233,235,226,230,2500,0
2015-08-31,235,240,230,233,3300,0
2015-08-28,236,240,230,235,8700,0
2015-08-27,241,240,234,236,7100,0
2015-08-26,244,258,240,241,5200,0
2015-08-25,256,259,240,244,3300,0
2015-08-24,257,260,255,256,11000,0
2015-08-21,266,260,245,257,2600,0
2015-08-20,274,274,257,266,2700,0
2015-08-19,279,280,272,274,2100,0
2015-08-18,291,281,275,279,6800,0
2015-08-17,280,305,281,291,3100,0
2015-08-14,280,293,280,280,130800,0
2015-08-13,280,297,280,280,32400,0
2015-08-12,280,289,280,280,1200,0
2015-08-11,283,289,280,280,67800,0
2015-08-10,275,285,280,283,1600,0
2015-08-07,271,298,270,275,6200,0
2015-08-06,265,282,256,271,4000,0
2015-08-05,265,280,260,265,14800,0
2015-08-04,264,266,265,265,3300,0
2015-08-03,270,265,264,264,1800,0
2015-07-31,277,280,261,270,5200,0
2015-07-30,283,283,275,277,2800,0
2015-07-29,284,286,282,283,7500,0
2015-07-28,286,286,284,284,30900,0
2015-07-27,295,290,284,286,3300,0
2015-07-24,298,295,295,295,800,0
2015-07-23,300,300,297,298,2400,0
2015-07-22,302,301,300,300,5100,0
2015-07-21,303,304,300,302,4800,0
2015-07-20,303,304,298,303,36800,0
2015-07-17,304,305,302,303,1000,0
2015-07-16,311,312,300,304,13900,0
2015-07-15,312,312,311,311,1400,0
2015-07-14,320,315,311,312,11000,0
2015-07-13,319,324,315,320,1700,0
2015-07-09,311,320,315,319,18000,0
2015-07-09,311,320,315,319,18000,0
2015-07-08,316,313,311,311,1600,0
2015-07-07,308,334,309,316,9500,0
2015-07-06,304,310,305,308,1700,0
2015-07-03,302,305,303,304,4200,0
2015-07-02,297,310,300,302,10800,0
2015-07-01,298,300,297,297,2300,0
2015-06-30,302,300,298,298,10300,0
2015-06-29,307,303,302,302,1300,0
2015-06-26,305,310,304,307,4400,0
2015-06-25,304,309,305,305,2900,0
2015-06-24,301,309,300,304,10000,0
2015-06-23,300,302,300,301,4800,0
2015-06-22,300,304,300,300,5500,0
2015-06-19,299,304,300,300,12300,0
2015-06-18,298,305,295,299,2100,0
2015-06-17,294,300,295,298,1600,0
2015-06-16,295,298,291,294,1700,0
2015-06-15,298,295,295,295,1100,0
2015-06-12,297,300,297,298,2800,0
2015-06-11,285,300,291,297,2200,0
2015-06-10,279,300,276,285,5400,0
2015-06-09,279,280,279,279,63000,0
2015-06-08,279,290,276,279,1400,0
2015-06-05,284,290,276,279,2700,0
2015-06-04,275,289,279,284,700,0
2015-06-03,289,289,265,275,3200,0
2015-06-02,302,290,286,289,1900,0
2015-05-29,306,310,292,302,1200,0
2015-05-29,306,310,292,302,1200,0
2015-05-28,309,315,300,306,17400,0
2015-05-27,301,310,300,309,41200,0
2015-05-26,307,315,300,301,2500,0
2015-05-25,320,315,300,307,2000,0
2015-05-22,320,321,319,320,2600,0
2015-05-21,320,321,320,320,4500,0
2015-05-20,319,322,320,320,3200,0
2015-05-19,305,320,307,319,12300,0
2015-05-18,320,308,303,305,3600,0
2015-05-15,313,321,320,320,2600,0
2015-05-14,320,316,303,313,700,0
2015-05-13,320,322,315,320,6800,0
2015-05-12,320,323,320,320,7900,0
2015-05-11,320,321,320,320,3100,0
2015-05-08,322,325,320,320,2800,0
2015-05-07,332,333,319,322,900,0
2015-05-06,329,345,321,332,8500,0
2015-05-05,321,330,322,329,17100,0
2015-05-04,344,323,321,321,3800,0
2015-04-30,348,345,321,344,42100,0
2015-04-30,348,345,321,344,42100,0
2015-04-29,346,355,348,348,14100,0
2015-04-28,347,348,345,346,9200,0
2015-04-27,347,348,347,347,7000,0
2015-04-24,345,349,345,347,7400,0
2015-04-23,344,348,345,345,5300,0
2015-04-22,344,350,344,344,5400,0
2015-04-21,344,345,344,344,4100,0
2015-04-20,345,345,342,344,2800,0
2015-04-17,345,350,345,345,2200,0
2015-04-16,347,346,345,345,1700,0
2015-04-15,342,350,344,347,58900,0
2015-04-14,341,344,341,342,2900,0
2015-04-13,342,342,337,341,8900,0
2015-04-10,339,345,339,342,2700,0
2015-04-09,336,340,336,339,34100,0
2015-04-08,336,339,336,336,7300,0
2015-04-07,338,337,336,336,1700,0
2015-04-02,345,350,338,338,102400,0
2015-04-02,345,350,338,338,102400,0
2015-04-02,345,350,338,338,102400,0
2015-04-01,344,350,342,345,72100,0
2015-03-31,345,345,342,344,2500,0
2015-03-30,337,349,337,345,10000,0
2015-03-27,340,349,334,337,4400,0
2015-03-26,342,348,337,340,52200,0
2015-03-25,346,345,332,342,11500,0
2015-03-24,331,350,331,346,22600,0
2015-03-23,339,338,331,331,5300,0
2015-03-20,349,341,339,339,18800,0
2015-03-19,350,350,331,349,141900,0
2015-03-18,352,351,350,350,7900,0
2015-03-17,354,354,352,352,37200,0
2015-03-16,355,355,353,354,2400,0
2015-03-13,354,357,354,355,18800,0
2015-03-12,354,354,354,354,2500,0
2015-03-11,354,355,353,354,7400,0
2015-03-10,354,355,352,354,542900,0
2015-03-09,352,355,352,354,256500,0
2015-03-06,352,352,352,352,14800,0
2015-03-05,352,352,352,352,99700,0
2015-03-04,352,354,352,352,6100,0
2015-03-03,352,352,352,352,5500,0
2015-03-02,354,353,352,352,3300,0
2015-02-27,350,355,350,354,15200,0
2015-02-26,350,351,350,350,3400,0
2015-02-25,350,352,349,350,6300,0
2015-02-24,348,351,348,350,17900,0
2015-02-23,349,350,348,348,19600,0
2015-02-20,348,350,349,349,46600,0
2015-02-19,347,350,348,348,2600,0
2015-02-18,347,348,346,347,3900,0
2015-02-17,344,350,346,347,4300,0
2015-02-16,345,346,343,344,4100,0
2015-02-13,344,349,345,345,3900,0
2015-02-12,347,345,343,344,2000,0
2015-02-11,341,350,338,347,121400,0
2015-02-10,341,342,341,341,54300,0
2015-02-09,341,342,341,341,800,0
2015-02-06,340,341,341,341,19900,0
2015-02-05,340,341,340,340,64500,0
2015-02-04,340,341,340,340,77300,0
2015-02-03,339,343,340,340,21300,0
2015-02-02,341,340,339,339,500,0
2015-01-30,339,343,339,341,154600,0
2015-01-29,342,340,339,339,4900,0
2015-01-28,341,343,339,342,108300,0
2015-01-27,338,342,338,341,3900,0
2015-01-26,341,338,338,338,300,0
2015-01-23,336,350,337,341,4100,0
2015-01-22,336,337,336,336,2500,0
2015-01-21,336,337,336,336,1200,0
2015-01-20,336,342,334,336,3000,0
2015-01-19,338,337,336,336,400,0
2015-01-16,339,340,336,338,2000,0
2015-01-15,337,340,335,339,10800,0
2015-01-14,338,340,337,337,1200,0
2015-01-13,340,340,335,338,16100,0
2015-01-12,337,340,340,340,3100,0
2015-01-09,338,340,335,337,6000,0
2015-01-08,339,340,335,338,1500,0
2015-01-07,335,340,335,339,6000,0
2015-01-06,333,338,335,335,1800,0
2015-01-05,334,333,333,333,100,0
2015-01-02,335,340,334,334,13800,0
2014-12-31,334,336,334,335,44800,0
2014-12-31,334,336,334,335,44800,0
2014-12-30,332,338,330,334,6800,0
2014-12-29,324,334,325,332,32000,0
2014-12-24,332,334,321,324,38300,0
2014-12-24,332,334,321,324,38300,0
2014-12-24,332,334,321,324,38300,0
2014-12-23,333,335,331,332,30900,0
2014-12-22,335,335,332,333,11000,0
2014-12-19,334,335,335,335,1700,0
2014-12-18,338,336,333,334,34700,0
2014-12-17,337,343,332,338,52800,0
2014-12-16,337,338,337,337,14600,0
2014-12-15,339,339,333,337,9600,0
2014-12-11,338,340,339,339,14500,0
2014-12-11,338,340,339,339,14500,0
2014-12-10,340,340,338,338,6700,0
2014-12-09,339,343,338,340,51200,0
2014-12-08,338,342,339,339,23600,0
2014-12-05,339,340,338,338,7400,0
2014-12-04,339,340,338,339,2000,0
2014-12-03,337,340,336,339,131800,0
2014-12-02,338,338,337,337,1600,0
2014-12-01,333,344,333,338,11900,0
2014-11-28,334,336,333,333,1500,0
2014-11-27,333,335,333,334,12400,0
2014-11-26,332,335,333,333,9500,0
2014-11-25,331,335,332,332,46100,0
2014-11-24,334,335,325,331,6600,0
2014-11-21,331,335,332,334,3300,0
2014-11-20,334,335,330,331,91500,0
2014-11-19,332,340,331,334,125700,0
2014-11-18,332,339,332,332,13300,0
2014-11-17,332,333,332,332,1900,0
2014-11-14,332,333,332,332,8000,0
2014-11-13,336,333,332,332,5900,0
2014-11-12,331,340,331,336,22200,0
2014-11-11,331,332,331,331,1900,0
2014-11-10,335,332,330,331,16200,0
2014-11-07,333,335,335,335,19900,0
2014-11-06,334,335,330,333,5300,0
2014-11-05,332,335,333,334,13900,0
2014-11-04,333,333,332,332,2900,0
2014-11-03,336,335,333,333,4400,0
2014-10-31,335,337,331,336,20100,0
2014-10-30,331,337,331,335,8800,0
2014-10-29,333,335,326,331,3000,0
2014-10-28,339,339,326,333,25200,0
2014-10-27,325,340,323,339,67700,0
2014-10-24,336,335,322,325,5600,0
2014-10-23,336,339,322,336,2900,0
2014-10-22,339,339,321,336,11200,0
2014-10-21,339,340,338,339,1300,0
2014-10-17,339,340,338,339,2200,0
2014-10-17,339,340,338,339,2200,0
2014-10-16,340,341,338,339,6200,0
2014-10-15,340,345,340,340,27800,0
2014-10-14,341,341,340,340,1100,0
2014-10-13,340,345,340,341,3800,0
2014-10-10,341,343,340,340,3700,0
2014-10-09,340,345,340,341,16100,0
2014-10-08,337,340,340,340,4200,0
2014-10-07,337,340,337,337,4600,0
2014-10-06,335,338,337,337,8500,0
2014-10-03,334,338,335,335,32800,0
2014-10-02,345,345,329,334,3900,0
2014-10-01,332,349,340,345,2200,0
2014-09-30,339,340,326,332,18600,0
2014-09-29,330,340,325,339,59500,0
2014-09-26,339,331,329,330,9000,0
2014-09-25,340,340,331,339,108100,0
2014-09-24,344,344,338,340,7200,0
2014-09-23,347,345,336,344,6400,0
2014-09-22,345,350,341,347,40400,0
2014-09-19,339,347,336,345,39200,0
2014-09-18,336,340,337,339,11400,0
2014-09-17,336,339,333,336,9200,0
2014-09-16,336,340,333,336,28900,0
2014-09-15,337,339,336,336,3300,0
2014-09-12,334,338,336,337,2500,0
2014-09-11,329,337,332,334,9000,0
2014-09-10,322,334,323,329,15000,0
2014-09-09,324,323,322,322,1000,0
2014-09-08,325,325,322,324,3800,0
2014-09-05,320,329,320,325,23900,0
2014-09-04,319,321,320,320,3200,0
2014-09-03,320,320,318,319,1400,0
2014-09-02,318,324,319,320,2700,0
2014-09-01,318,319,317,318,1500,0
2014-08-29,319,320,317,318,2200,0
2014-08-28,317,323,317,319,124900,0
2014-08-27,319,318,317,317,1200,0
2014-08-26,319,320,318,319,9200,0
2014-08-25,317,320,317,319,4400,0
2014-08-22,315,320,316,317,3300,0
2014-08-21,315,318,314,315,3300,0
2014-08-20,314,316,315,315,8400,0
2014-08-19,313,315,313,314,2000,0
2014-08-18,316,316,313,313,6100,0
2014-08-15,312,320,314,316,1300,0
2014-08-14,312,315,312,312,8000,0
2014-08-13,314,314,310,312,3400,0
2014-08-12,312,315,313,314,9100,0
2014-08-11,310,325,310,312,9800,0
2014-08-08,311,312,309,310,4000,0
2014-08-07,310,312,310,311,3000,0
2014-08-06,309,312,310,310,3100,0
2014-08-05,309,312,309,309,23200,0
2014-08-04,312,310,309,309,5400,0
2014-08-01,309,315,310,312,9300,0
2014-07-31,308,310,308,309,2600,0
2014-07-30,308,312,308,308,1300,0
2014-07-28,308,308,308,308,600,0
2014-07-28,308,308,308,308,600,0
2014-07-25,308,309,307,308,1400,0
2014-07-24,308,308,308,308,1600,0
2014-07-23,306,310,307,308,4600,0
2014-07-22,310,310,306,306,22500,0
2014-07-21,312,312,310,310,28900,0
2014-07-18,319,320,310,312,5200,0
2014-07-17,294,320,296,319,77300,0
2014-07-16,319,310,290,294,1300,0
2014-07-15,312,320,310,319,102800,0
2014-07-14,313,312,312,312,3100,0
2014-07-11,314,315,312,313,13800,0
2014-07-10,309,315,312,314,3300,0
2014-07-09,308,311,309,309,3600,0
2014-07-08,309,310,308,308,15300,0
2014-07-07,310,310,307,309,7800,0
2014-07-04,310,310,310,310,2700,0
2014-07-03,311,311,310,310,9600,0
2014-07-02,310,312,310,311,8600,0
2014-07-01,309,310,310,310,7000,0
2014-06-30,310,310,309,309,2600,0
2014-06-27,310,311,310,310,14700,0
2014-06-26,310,312,310,310,3700,0
2014-06-25,310,311,310,310,7400,0
2014-06-24,310,311,308,310,12800,0
2014-06-23,310,311,310,310,63800,0
2014-06-20,310,311,310,310,93000,0
2014-06-19,310,311,310,310,6000,0
2014-06-18,310,311,310,310,6900,0
2014-06-17,310,311,310,310,2200,0
2014-06-16,311,311,310,310,3800,0
2014-06-13,311,312,310,311,27100,0
2014-06-12,311,312,311,311,16000,0
2014-06-11,311,312,310,311,45500,0
2014-06-10,308,312,309,311,3300,0
2014-06-09,309,310,307,308,4100,0
2014-06-06,310,310,307,309,1200,0
2014-06-05,309,312,310,310,38000,0
2014-06-04,309,310,309,309,5500,0
2014-06-03,312,310,308,309,8000,0
2014-05-30,308,315,308,312,94600,0
2014-05-30,308,315,308,312,94600,0
2014-05-29,309,310,306,308,4500,0
2014-05-28,309,310,306,309,3400,0
2014-05-27,306,310,308,309,108400,0
2014-05-26,311,306,306,306,1000,0
2014-05-23,310,313,310,311,5100,0
2014-05-22,312,312,310,310,29600,0
2014-05-21,310,313,308,312,16100,0
2014-05-20,309,310,310,310,1400,0
2014-05-19,309,313,308,309,10000,0
2014-05-16,309,310,309,309,2300,0
2014-05-15,308,310,309,309,4800,0
2014-05-14,307,310,307,308,30600,0
2014-05-13,306,310,306,307,42100,0
2014-05-12,305,308,306,306,1000,0
2014-05-09,305,308,305,305,3200,0
2014-05-08,305,310,305,305,3200,0
2014-05-07,308,306,305,305,5600,0
2014-05-06,306,317,305,308,2700,0
2014-05-05,309,308,305,306,4800,0
2014-05-02,308,310,302,309,8300,0
2014-04-30,315,310,307,308,15600,0
2014-04-30,315,310,307,308,15600,0
2014-04-29,317,317,306,315,12800,0
2014-04-28,317,320,300,317,29400,0
2014-04-25,308,320,310,317,179100,0
2014-04-24,321,320,303,308,10800,0
2014-04-23,323,325,320,321,8200,0
2014-04-22,318,325,320,323,24600,0
2014-04-17,318,320,318,318,1400,0
2014-04-17,318,320,318,318,1400,0
2014-04-17,318,320,318,318,1400,0
2014-04-16,318,325,318,318,10500,0
2014-04-15,317,320,317,318,3300,0
2014-04-14,319,330,315,317,56400,0
2014-04-11,315,325,317,319,400,0
2014-04-10,319,316,315,315,1300,0
2014-04-09,315,320,314,319,20500,0
2014-04-08,313,319,314,315,2100,0
2014-04-07,313,319,312,313,5600,0
2014-04-04,312,313,313,313,14200,0
2014-04-03,311,313,311,312,6600,0
2014-04-02,311,320,310,311,22400,0
2014-04-02,311,320,310,311,22400,0
2014-04-01,312,313,310,311,2400,0
2014-03-31,319,320,311,312,5600,0
2014-03-28,321,330,311,319,3000,0
2014-03-27,318,340,319,321,8500,0
2014-03-26,313,320,315,318,9000,0
2014-03-25,308,318,308,313,16700,0
2014-03-24,308,310,307,308,10200,0
2014-03-21,305,310,306,308,22200,0
2014-03-20,305,307,305,305,5100,0
2014-03-19,303,307,304,305,9800,0
2014-03-18,304,304,302,303,3400,0
2014-03-17,307,309,302,304,4700,0
2014-03-14,304,310,304,307,14400,0
2014-03-13,303,307,304,304,2800,0
2014-03-12,304,304,303,303,56000,0
2014-03-11,306,306,302,304,6300,0
2014-03-10,301,310,305,306,9100,0
2014-03-07,301,303,301,301,3200,0
2014-03-06,301,302,301,301,9200,0
2014-03-05,302,302,300,301,6200,0
2014-03-04,304,303,301,302,11800,0
2014-03-03,302,305,304,304,3700,0
2014-02-28,300,304,300,302,5600,0
2014-02-27,300,301,300,300,2400,0
2014-02-26,300,302,299,300,3400,0
2014-02-25,298,303,299,300,6100,0
2014-02-24,298,300,296,298,11200,0
2014-02-21,292,300,293,298,15200,0
2014-02-20,293,293,291,292,3000,0
2014-02-19,291,298,291,293,2300,0
2014-02-18,290,292,290,291,1700,0
2014-02-17,287,291,289,290,6400,0
2014-02-14,287,288,287,287,5400,0
2014-02-13,287,288,287,287,4800,0
2014-02-12,288,295,287,287,6800,0
2014-02-11,294,290,285,288,4100,0
2014-02-10,294,298,290,294,4000,0
2014-02-07,298,295,294,294,53900,0
2014-02-06,300,300,296,298,1700,0
2014-02-05,299,301,299,300,20300,0
2014-02-04,294,300,295,299,1900,0
2014-02-03,294,295,292,294,80200,0
2014-01-31,301,300,290,294,22900,0
2014-01-30,302,303,300,301,39300,0
2014-01-29,303,304,301,302,5600,0
2014-01-28,304,306,301,303,9000,0
2014-01-27,304,305,303,304,10300,0
2014-01-24,303,305,303,304,1500,0
2014-01-23,304,305,303,303,16000,0
2014-01-22,302,305,302,304,1900,0
2014-01-21,303,305,301,302,8600,0
2014-01-20,302,304,301,303,13200,0
2014-01-17,304,303,300,302,14400,0
2014-01-16,305,305,303,304,5200,0
2014-01-15,306,307,305,305,2900,0
2014-01-14,309,310,306,306,1800,0
2014-01-13,306,310,303,309,12200,0
2014-01-10,300,309,300,306,19600,0
2014-01-09,300,305,300,300,5500,0
2014-01-08,306,306,299,300,2000,0
2014-01-07,304,310,292,306,2600,0
2014-01-06,304,310,291,304,5600,0
2014-01-03,309,310,287,304,1200,0
2014-01-02,304,310,305,309,3500,0
2013-12-31,286,310,286,304,8700,0
2013-12-31,286,310,286,304,8700,0
2013-12-30,286,295,286,286,1600,0
2013-12-27,285,287,286,286,2100,0
2013-12-24,284,286,285,285,1100,0
2013-12-24,284,286,285,285,1100,0
2013-12-24,284,286,285,285,1100,0
2013-12-23,282,285,282,284,3200,0
2013-12-20,284,285,282,282,5000,0
2013-12-19,284,285,281,284,12400,0
2013-12-18,286,290,280,284,11400,0
2013-12-17,294,290,286,286,5200,0
2013-12-16,286,298,287,294,1100,0
2013-12-11,298,288,285,286,2400,0
2013-12-11,298,288,285,286,2400,0
2013-12-11,298,288,285,286,2400,0
2013-12-10,302,303,296,298,3100,0
2013-12-09,303,303,300,302,1300,0
2013-12-06,307,305,303,303,2400,0
2013-12-05,307,310,303,307,76600,0
2013-12-04,308,310,304,307,20000,0
2013-12-03,310,310,303,308,8500,0
2013-12-02,316,315,310,310,12400,0
2013-11-29,325,325,315,316,1200,0
2013-11-28,319,326,319,325,34000,0
2013-11-27,317,320,317,319,8500,0
2013-11-26,312,320,315,317,13000,0
2013-11-25,310,313,311,312,17800,0
2013-11-22,309,314,309,310,4900,0
2013-11-21,306,310,308,309,6900,0
2013-11-20,307,310,305,306,89100,0
2013-11-19,307,308,307,307,7300,0
2013-11-18,307,308,305,307,3400,0
2013-11-15,307,309,305,307,3800,0
2013-11-14,307,308,307,307,10600,0
2013-11-13,307,308,307,307,5600,0
2013-11-12,305,309,306,307,11500,0
2013-11-11,305,307,305,305,126000,0
2013-11-08,305,307,304,305,5200,0
2013-11-07,304,307,305,305,9100,0
2013-11-06,304,308,304,304,4000,0
2013-11-05,303,304,304,304,5700,0
2013-11-04,303,305,303,303,17300,0
2013-11-01,303,306,303,303,3400,0
2013-10-31,306,305,303,303,3300,0
2013-10-30,304,310,305,306,17300,0
2013-10-28,304,306,304,304,5900,0
2013-10-28,304,306,304,304,5900,0
2013-10-25,304,305,304,304,8100,0
2013-10-24,304,305,304,304,16400,0
2013-10-23,304,305,304,304,10200,0
2013-10-22,304,304,304,304,3000,0
2013-10-18,303,305,304,304,2100,0
2013-10-18,303,305,304,304,2100,0
2013-10-17,303,307,303,303,5700,0
2013-10-16,304,306,301,303,6900,0
2013-10-15,303,305,303,304,37600,0
2013-10-14,301,305,300,303,13600,0
2013-10-11,301,302,300,301,1000,0
2013-10-10,304,302,300,301,2500,0
2013-10-09,305,305,303,304,7200,0
2013-10-08,303,305,305,305,2600,0
2013-10-07,305,305,302,303,3600,0
2013-10-04,300,305,305,305,7800,0
2013-10-03,300,300,300,300,7000,0
2013-10-02,302,301,300,300,25100,0
2013-09-30,299,305,300,302,21600,0
2013-09-30,299,305,300,302,21600,0
2013-09-27,296,300,296,299,6700,0
2013-09-26,301,296,296,296,200,0
2013-09-25,300,302,300,301,83500,0
2013-09-24,301,302,296,300,6400,0
2013-09-23,299,303,300,301,12700,0
2013-09-20,295,300,295,299,76600,0
2013-09-19,299,295,295,295,20500,0
2013-09-18,298,300,295,299,58800,0
2013-09-17,295,300,295,298,88000,0
2013-09-16,299,295,295,295,4400,0
2013-09-13,296,300,287,299,185800,0
2013-09-12,295,300,295,296,2400,0
2013-09-11,295,296,295,295,21100,0
2013-09-10,295,296,295,295,2200,0
2013-09-09,294,295,295,295,500,0
2013-09-06,295,295,292,294,65200,0
2013-09-05,296,296,295,295,60600,0
2013-09-04,293,300,295,296,46300,0
2013-09-03,292,295,291,293,6800,0
2013-09-02,294,293,292,292,3400,0
2013-08-30,292,296,294,294,15100,0
2013-08-29,292,292,292,292,3500,0
2013-08-28,292,295,292,292,16600,0
2013-08-27,294,293,292,292,5500,0
2013-08-26,294,295,290,294,7500,0
2013-08-23,294,296,290,294,58900,0
2013-08-22,295,299,294,294,6500,0
2013-08-21,296,296,294,295,4800,0
2013-08-20,294,298,295,296,3300,0
2013-08-19,295,296,290,294,7600,0
2013-08-16,301,300,295,295,4900,0
2013-08-15,302,302,300,301,84200,0
2013-08-14,300,303,295,302,105100,0
2013-08-13,303,301,295,300,36700,0
2013-08-12,303,308,300,303,2100,0
2013-08-08,303,304,300,303,24500,0
2013-08-08,303,304,300,303,24500,0
2013-08-07,303,304,300,303,13500,0
2013-08-06,300,304,300,303,7500,0
2013-08-05,300,301,300,300,7700,0
2013-08-02,303,303,300,300,5600,0
2013-08-01,304,304,303,303,7500,0
2013-07-31,304,308,304,304,3800,0
2013-07-30,304,305,300,304,25100,0
2013-07-29,304,307,304,304,22700,0
2013-07-26,303,307,304,304,3900,0
2013-07-25,304,308,296,303,75300,0
2013-07-24,298,305,277,304,131800,0
2013-07-23,304,304,287,298,2400,0
2013-07-22,300,305,300,304,8700,0
2013-07-19,300,300,300,300,2900,0
2013-07-18,298,300,300,300,11900,0
2013-07-17,298,300,297,298,1700,0
2013-07-16,290,300,287,298,29400,0
2013-07-15,289,294,287,290,23600,0
2013-07-12,286,294,286,289,41100,0
2013-07-11,287,287,285,286,37000,0
2013-07-10,282,295,285,287,3100,0
2013-07-09,280,285,282,282,91300,0
2013-07-08,283,280,280,280,200,0
2013-07-05,286,289,280,283,8300,0
2013-07-04,283,290,285,286,3300,0
2013-07-03,280,285,280,283,4600,0
2013-07-02,280,281,280,280,1400,0
2013-07-01,287,282,280,280,6000,0
2013-06-28,280,290,280,287,18500,0
2013-06-27,285,285,280,280,7500,0
2013-06-26,285,288,280,285,700,0
2013-06-25,285,287,284,285,67800,0
2013-06-24,289,288,285,285,7600,0
2013-06-21,287,290,287,289,7400,0
2013-06-20,289,288,287,287,32600,0
2013-06-19,290,290,288,289,11900,0
2013-06-18,293,294,281,290,8500,0
2013-06-17,294,295,290,293,8300,0
2013-06-14,289,295,292,294,7400,0
2013-06-13,292,293,280,289,15100,0
2013-06-12,293,293,290,292,5700,0
2013-06-11,299,295,291,293,7700,0
2013-06-10,296,300,286,299,130200,0
2013-06-07,297,300,296,296,2500,0
2013-06-06,296,298,295,297,2700,0
2013-06-05,297,300,294,296,9200,0
2013-06-04,297,300,295,297,200,0
2013-06-03,300,300,293,297,3500,0
2013-05-31,300,300,300,300,9800,0
2013-05-30,299,302,300,300,37200,0
2013-05-29,302,301,298,299,112500,0
2013-05-28,301,305,301,302,12300,0
2013-05-27,301,302,301,301,3000,0
2013-05-24,299,302,300,301,4400,0
2013-05-23,301,300,299,299,22600,0
2013-05-22,299,303,300,301,28900,0
2013-05-21,296,301,297,299,19300,0
2013-05-20,299,296,296,296,100,0
2013-05-17,299,300,295,299,35300,0
2013-05-16,303,303,290,299,3200,0
2013-05-15,302,305,302,303,22400,0
2013-05-14,303,304,301,302,11200,0
2013-05-13,299,309,296,303,16600,0
2013-05-10,298,300,297,299,5800,0
2013-05-09,298,300,295,298,6900,0
2013-05-08,296,300,295,298,8600,0
2013-05-07,291,300,293,296,5800,0
2013-05-06,288,295,288,291,2800,0
2013-05-03,282,290,285,288,12300,0
2013-05-02,279,285,279,282,6600,0
2013-04-30,279,280,279,279,8900,0
2013-04-30,279,280,279,279,8900,0
2013-04-29,281,289,275,279,6300,0
2013-04-26,277,285,281,281,16900,0
2013-04-25,298,285,271,277,6200,0
2013-04-24,299,299,285,298,40900,0
2013-04-23,300,300,294,299,6500,0
2013-04-22,299,300,300,300,14900,0
2013-04-19,300,300,285,299,32400,0
2013-04-18,318,300,300,300,10900,0
2013-04-17,318,320,316,318,46300,0
2013-04-16,316,320,315,318,56200,0
2013-04-15,317,320,315,316,9700,0
2013-04-12,317,320,312,317,15400,0
2013-04-11,317,320,311,317,38800,0
2013-04-10,318,320,316,317,13200,0
2013-04-08,312,320,315,318,12000,0
2013-04-08,312,320,315,318,12000,0
2013-04-05,309,315,310,312,11000,0
2013-04-04,314,315,300,309,24600,0
2013-04-03,312,319,311,314,3900,0
2013-04-02,301,320,310,312,19900,0
2013-03-28,301,304,300,301,8200,0
2013-03-28,301,304,300,301,8200,0
2013-03-28,301,304,300,301,8200,0
2013-03-27,298,305,300,301,45900,0
2013-03-26,294,300,295,298,7400,0
2013-03-25,291,300,292,294,18800,0
2013-03-22,288,293,290,291,21600,0
2013-03-21,289,296,288,288,47900,0
2013-03-20,289,292,287,289,18900,0
2013-03-19,291,290,286,289,167100,0
2013-03-18,292,295,286,291,20000,0
2013-03-15,300,302,286,292,24500,0
2013-03-14,302,303,300,300,77700,0
2013-03-13,309,310,300,302,24200,0
2013-03-12,300,315,300,309,18800,0
2013-03-11,294,305,295,300,14600,0
2013-03-08,298,300,292,294,4700,0
2013-03-07,291,300,287,298,17600,0
2013-03-06,279,300,290,291,25400,0
2013-03-05,273,280,276,279,1300,0
2013-03-01,270,280,272,273,9000,0
2013-03-01,270,280,272,273,9000,0
2013-02-28,264,272,267,270,13600,0
2013-02-27,265,268,261,264,47600,0
2013-02-26,265,266,260,265,53700,0
2013-02-25,270,269,265,265,19400,0
2013-02-22,271,272,269,270,7500,0
2013-02-21,272,274,270,271,39800,0
2013-02-20,276,275,265,272,51700,0
2013-02-19,278,278,275,276,4600,0
2013-02-18,278,280,275,278,30400,0
2013-02-15,278,280,278,278,9600,0
2013-02-14,277,280,277,278,22800,0
2013-02-13,277,278,277,277,2600,0
2013-02-12,273,280,275,277,37000,0
2013-02-11,274,275,272,273,19000,0
2013-02-08,269,275,272,274,42900,0
2013-02-07,265,273,265,269,9900,0
2013-02-06,264,265,265,265,4000,0
2013-02-05,263,265,264,264,8900,0
2013-02-04,263,265,263,263,1500,0
2013-02-01,262,270,260,263,10900,0
2013-01-31,260,265,262,262,49600,0
2013-01-30,259,262,259,260,18600,0
2013-01-29,259,260,258,259,36300,0
2013-01-28,257,260,258,259,4700,0
2013-01-25,258,259,257,257,53800,0
2013-01-24,259,259,258,258,20400,0
2013-01-23,259,260,257,259,17700,0
2013-01-22,262,262,255,259,10600,0
2013-01-21,262,265,257,262,26600,0
2013-01-18,268,264,258,262,2100,0
2013-01-17,262,270,262,268,27500,0
2013-01-16,255,265,260,262,10300,0
2013-01-15,249,265,251,255,7700,0
2013-01-14,244,251,244,249,26300,0
2013-01-11,242,245,243,244,5300,0
2013-01-10,241,245,241,242,6700,0
2013-01-09,241,242,241,241,4400,0
2013-01-08,239,242,238,241,14400,0
2013-01-07,236,240,236,239,68400,0
2013-01-04,235,237,235,236,42000,0
2013-01-03,236,237,231,235,11700,0
2013-01-02,235,237,235,236,8600,0
2012-12-31,236,235,235,235,2500,0
2012-12-31,236,235,235,235,2500,0
2012-12-28,235,237,235,236,27900,0
2012-12-27,235,237,235,235,8300,0
2012-12-24,235,236,235,235,1600,0
2012-12-24,235,236,235,235,1600,0
2012-12-24,235,236,235,235,1600,0
2012-12-21,235,237,235,235,125000,0
2012-12-20,236,237,235,235,3600,0
2012-12-19,236,238,236,236,7800,0
2012-12-18,235,237,235,236,134800,0
2012-12-17,234,236,234,235,111600,0
2012-12-14,234,235,234,234,21300,0
2012-12-13,234,235,234,234,24400,0
2012-12-11,234,235,234,234,8400,0
2012-12-11,234,235,234,234,8400,0
2012-12-10,234,235,234,234,13000,0
2012-12-07,230,235,230,234,203800,0
2012-12-06,236,231,230,230,5200,0
2012-12-05,236,237,234,236,307800,0
2012-12-04,236,237,234,236,47700,0
2012-12-03,236,238,236,236,154400,0
2012-11-30,236,238,235,236,15900,0
2012-11-29,235,239,236,236,66600,0
2012-11-28,234,236,235,235,6600,0
2012-11-27,236,236,225,234,132800,0
2012-11-26,235,237,233,236,15300,0
2012-11-23,236,238,230,235,30100,0
2012-11-22,239,238,236,236,8900,0
2012-11-21,236,240,239,239,43400,0
2012-11-20,236,237,236,236,35600,0
2012-11-19,235,237,235,236,60200,0
2012-11-16,234,237,235,235,3000,0
2012-11-15,233,235,232,234,261300,0
2012-11-14,231,235,230,233,2900,0
2012-11-13,230,232,230,231,3300,0
2012-11-12,228,231,229,230,6000,0
2012-11-09,227,230,227,228,9700,0
2012-11-08,228,231,226,227,8700,0
2012-11-07,226,230,227,228,9200,0
2012-11-06,225,227,226,226,3000,0
2012-11-05,225,226,225,225,600,0
2012-11-02,226,227,224,225,128700,0
2012-11-01,228,227,226,226,3100,0
2012-10-31,229,229,225,228,132200,0
2012-10-30,225,234,225,229,1300,0
2012-10-29,224,236,225,225,5100,0
2012-10-26,221,230,221,224,5600,0
2012-10-25,221,223,220,221,86400,0
2012-10-24,221,223,221,221,5800,0
2012-10-23,223,224,220,221,6700,0
2012-10-22,220,225,220,223,3500,0
2012-10-19,217,225,217,220,22400,0
2012-10-18,215,219,214,217,27400,0
2012-10-17,218,216,214,215,21000,0
2012-10-16,213,219,215,218,7500,0
2012-10-15,214,215,206,213,6500,0
2012-10-12,213,215,212,214,5900,0
2012-10-11,213,214,212,213,22400,0
2012-10-10,214,215,211,213,24500,0
2012-10-09,214,218,212,214,2300,0
2012-10-08,212,215,211,214,10000,0
2012-10-05,209,215,212,212,6600,0
2012-10-04,208,211,208,209,8900,0
2012-10-03,207,210,205,208,35800,0
2012-10-02,205,210,203,207,5300,0
2012-10-01,207,207,202,205,7200,0
2012-09-28,206,210,205,207,5600,0
2012-09-27,205,207,205,206,4200,0
2012-09-26,203,206,204,205,18600,0
2012-09-25,205,210,201,203,10600,0
2012-09-24,200,210,203,205,4100,0
2012-09-21,198,201,200,200,23300,0
2012-09-20,217,205,196,198,5300,0
2012-09-19,220,220,210,217,25600,0
2012-09-18,223,223,217,220,5000,0
2012-09-17,220,225,220,223,12000,0
2012-09-14,218,225,218,220,153400,0
2012-09-13,217,220,216,218,15400,0
2012-09-12,212,220,212,217,53000,0
2012-09-11,210,215,210,212,30800,0
2012-09-10,212,215,210,210,24600,0
2012-09-07,213,215,210,212,5200,0
2012-09-06,213,215,212,213,3100,0
2012-09-05,208,215,210,213,14500,0
2012-09-04,207,210,207,208,61800,0
2012-09-03,204,210,195,207,8000,0
2012-08-31,202,205,201,204,14300,0
2012-08-30,200,205,200,202,38900,0
2012-08-29,201,202,200,200,3500,0
2012-08-28,200,202,200,201,36200,0
2012-08-27,200,205,199,200,12800,0
2012-08-24,199,204,200,200,2200,0
2012-08-23,199,200,199,199,700,0
2012-08-22,199,202,197,199,66800,0
2012-08-21,200,200,197,199,1500,0
2012-08-17,200,202,194,200,13100,0
2012-08-17,200,202,194,200,13100,0
2012-08-16,198,202,200,200,3900,0
2012-08-15,196,200,196,198,15100,0
2012-08-14,193,202,191,196,15500,0
2012-08-13,197,196,190,193,9900,0
2012-08-10,191,200,196,197,4500,0
2012-08-09,200,197,188,191,3500,0
2012-08-08,196,202,192,200,8700,0
2012-08-07,199,202,195,196,8300,0
2012-08-06,199,204,196,199,6600,0
2012-08-03,191,202,191,199,8100,0
2012-08-02,191,200,191,191,1400,0
2012-08-01,195,200,187,191,4400,0
2012-07-31,200,195,195,195,300,0
2012-07-30,200,200,200,200,600,0
2012-07-27,200,201,200,200,2100,0
2012-07-26,200,201,199,200,21600,0
2012-07-25,200,203,195,200,223900,0
2012-07-24,201,202,200,200,2600,0
2012-07-23,199,201,201,201,2300,0
2012-07-20,194,202,196,199,8800,0
2012-07-19,194,196,192,194,8300,0
2012-07-18,194,196,193,194,4900,0
2012-07-17,192,195,193,194,20200,0
2012-07-16,192,195,190,192,3600,0
2012-07-13,195,193,190,192,2600,0
2012-07-12,195,197,191,195,3100,0
2012-07-11,191,196,193,195,64000,0
2012-07-10,190,195,191,191,6700,0
2012-07-09,189,195,188,190,21700,0
2012-07-06,199,197,185,189,900,0
2012-07-05,200,201,197,199,4900,0
2012-07-04,200,201,199,200,2900,0
2012-07-03,199,203,200,200,12000,0
2012-07-02,201,201,192,199,5000,0
2012-06-29,200,203,200,201,46100,0
2012-06-28,201,202,200,200,11300,0
2012-06-27,200,204,200,201,9700,0
2012-06-26,199,201,200,200,13500,0
2012-06-25,199,201,199,199,37700,0
2012-06-22,193,201,192,199,80200,0
2012-06-21,197,200,191,193,9100,0
2012-06-20,191,202,195,197,7800,0
2012-06-19,183,201,183,191,6200,0
2012-06-18,182,190,182,183,5500,0
2012-06-15,181,183,181,182,2200,0
2012-06-14,180,182,180,181,5800,0
2012-06-13,179,181,178,180,12200,0
2012-06-12,178,180,178,179,3900,0
2012-06-11,177,180,176,178,7200,0
2012-06-08,180,179,175,177,5900,0
2012-06-07,175,181,179,180,16900,0
2012-06-06,179,178,170,175,2500,0
2012-06-05,176,180,176,179,9600,0
2012-06-04,179,178,175,176,1000,0
2012-05-31,176,180,175,179,13000,0
2012-05-31,176,180,175,179,13000,0
2012-05-30,178,180,174,176,3800,0
2012-05-29,178,180,174,178,5600,0
2012-05-28,175,180,174,178,6000,0
2012-05-25,179,175,175,175,100,0
2012-05-24,179,180,174,179,4200,0
2012-05-23,180,181,175,179,7000,0
2012-05-22,179,181,178,180,19300,0
2012-05-21,180,181,177,179,11400,0
2012-05-18,173,180,180,180,6100,0
2012-05-17,170,173,173,173,1300,0
2012-05-16,168,171,168,170,3100,0
2012-05-15,169,169,168,168,5400,0
2012-05-14,169,170,168,169,12300,0
2012-05-11,168,170,169,169,2200,0
2012-05-10,169,170,165,168,1500,0
2012-05-09,169,170,166,169,8800,0
2012-05-08,168,170,165,169,2500,0
2012-05-07,168,170,165,168,3400,0
2012-05-04,166,170,168,168,47200,0
2012-05-03,165,170,165,166,2000,0
2012-05-02,165,168,165,165,2500,0
2012-04-30,167,166,165,165,1900,0
2012-04-30,167,166,165,165,1900,0
2012-04-27,169,170,167,167,900,0
2012-04-26,168,170,166,169,8100,0
2012-04-25,167,170,165,168,1800,0
2012-04-23,169,170,165,167,1800,0
2012-04-23,169,170,165,167,1800,0
2012-04-20,165,170,165,169,48000,0
2012-04-19,171,165,165,165,2000,0
2012-04-18,169,173,163,171,182700,0
2012-04-17,172,173,161,169,2200,0
2012-04-16,179,175,160,172,5300,0
2012-04-13,181,183,176,179,6400,0
2012-04-12,180,184,175,181,30700,0
2012-04-11,175,182,180,180,8300,0
2012-04-10,175,176,175,175,6000,0
2012-04-05,175,176,175,175,500,0
2012-04-05,175,176,175,175,500,0
2012-04-05,175,176,175,175,500,0
2012-04-04,174,182,175,175,104500,0
2012-04-03,171,174,174,174,500,0
2012-04-02,174,174,170,171,2800,0
2012-03-30,171,179,170,174,31000,0
2012-03-29,172,173,169,171,4900,0
2012-03-28,169,173,172,172,55300,0
2012-03-27,169,170,168,169,104900,0
2012-03-26,165,170,169,169,7100,0
2012-03-23,163,170,165,165,27700,0
2012-03-22,170,168,160,163,2600,0
2012-03-21,171,172,161,170,9200,0
2012-03-20,173,172,171,171,3800,0
2012-03-19,172,174,172,173,800,0
2012-03-16,169,174,170,172,2500,0
2012-03-15,174,180,160,169,2700,0
2012-03-14,175,176,174,174,110300,0
2012-03-13,175,175,175,175, -   ,0
2012-03-12,176,180,170,175,8100,0
2012-03-09,178,178,175,176,3000,0
2012-03-08,177,179,162,178,102600,0
2012-03-07,175,180,177,177,4000,0
2012-03-06,175,190,175,175,4600,0
2012-03-05,175,176,175,175,1300,0
2012-03-02,172,185,173,175,800,0
2012-03-01,169,174,171,172,800,0
2012-02-29,165,170,169,169,2400,0
2012-02-28,165,165,165,165, -   ,0
2012-02-27,164,166,163,165,4300,0
2012-02-24,163,166,164,164,7600,0
2012-02-23,162,165,160,163,8200,0
2012-02-22,160,170,160,162,21000,0
2012-02-21,160,165,158,160,700,0
2012-02-20,160,163,160,160,4000,0
2012-02-17,159,161,160,160,6800,0
2012-02-16,158,161,158,159,4000,0
2012-02-15,159,160,158,158,131600,0
2012-02-14,158,160,158,159,27700,0
2012-02-13,157,160,158,158,1600,0
2012-02-10,158,158,157,157,2400,0
2012-02-09,158,158,158,158,600,0
2012-02-08,158,160,158,158,4800,0
2012-02-07,157,159,157,158,7200,0
2012-02-06,157,158,157,157,2700,0
2012-02-03,159,160,155,157,7000,0
2012-02-02,157,160,157,159,2400,0
2012-02-01,157,158,157,157,3700,0
2012-01-31,157,157,157,157,600,0
2012-01-30,156,160,156,157,4400,0
2012-01-27,157,158,155,156,27300,0
2012-01-26,158,160,157,157,2600,0
2012-01-25,155,160,156,158,2200,0
2012-01-24,156,156,155,155,1100,0
2012-01-23,158,159,155,156,2000,0
2012-01-20,159,163,155,158,3800,0
2012-01-19,161,161,158,159,8100,0
2012-01-18,161,162,155,161,900,0
2012-01-17,162,163,155,161,21300,0
2012-01-16,162,163,162,162,5400,0
2012-01-13,161,163,162,162,2000,0
2012-01-12,161,162,161,161,1300,0
2012-01-11,161,170,161,161,7900,0
2012-01-10,161,163,161,161,3400,0
2012-01-09,161,163,161,161,29600,0
2012-01-06,161,163,161,161,42300,0
2012-01-05,161,162,161,161,4100,0
2012-01-04,161,163,161,161,3400,0
2012-01-03,160,163,161,161,1800,0
2011-12-30,160,162,160,160,2100,0
2011-12-30,160,162,160,160,2100,0
2011-12-29,159,163,160,160,19000,0
2011-12-28,159,160,159,159,800,0
2011-12-27,159,170,159,159,2500,0
2011-12-23,158,160,155,159,5900,0
2011-12-23,158,160,155,159,5900,0
2011-12-22,157,160,155,158,3000,0
2011-12-21,159,158,155,157,1700,0
2011-12-20,160,167,158,159,10700,0
2011-12-19,161,162,159,160,11100,0
2011-12-16,160,165,159,161,7500,0
2011-12-15,166,165,159,160,5900,0
2011-12-14,167,167,160,166,29600,0
2011-12-13,167,170,167,167,27400,0
2011-12-09,163,177,163,167,7400,0
2011-12-09,163,177,163,167,7400,0
2011-12-08,156,164,160,163,1100,0
2011-12-07,156,158,155,156,10800,0
2011-12-06,158,158,155,156,3200,0
2011-12-05,155,161,153,158,5200,0
2011-12-02,158,156,155,155,500,0
2011-12-01,159,161,155,158,6200,0
2011-11-30,169,168,158,159,3500,0
2011-11-29,170,173,160,169,6500,0
2011-11-28,173,176,160,170,6100,0
2011-11-25,176,176,172,173,4000,0
2011-11-24,179,181,172,176,4200,0
2011-11-23,178,182,179,179,2800,0
2011-11-22,179,179,176,178,3700,0
2011-11-21,179,182,178,179,3000,0
2011-11-18,179,180,179,179,1500,0
2011-11-17,180,180,176,179,1000,0
2011-11-16,180,185,179,180,6900,0
2011-11-15,182,185,180,180,5400,0
2011-11-14,182,185,180,182,900,0
2011-11-11,183,185,180,182,1300,0
2011-11-10,180,195,181,183,2200,0
2011-11-09,179,182,180,180,6100,0
2011-11-07,190,182,177,179,200,0
2011-11-07,190,182,177,179,200,0
2011-11-04,183,190,190,190,700,0
2011-11-03,179,190,179,183,1300,0
2011-11-02,179,179,179,179,4400,0
2011-11-01,180,180,179,179,12800,0
2011-10-31,179,180,180,180,100,0
2011-10-28,179,180,174,179,11200,0
2011-10-27,176,185,176,179,16200,0
2011-10-26,176,177,176,176,2100,0
2011-10-25,176,180,175,176,63500,0
2011-10-24,177,177,175,176,4000,0
2011-10-21,171,180,175,177,200,0
2011-10-19,173,174,170,171,4200,0
2011-10-19,173,174,170,171,4200,0
2011-10-18,174,175,170,173,3500,0
2011-10-17,174,175,174,174,400,0
2011-10-14,176,177,170,174,6900,0
2011-10-13,177,178,175,176,1400,0
2011-10-12,184,178,177,177,1100,0
2011-10-11,177,185,180,184,900,0
2011-10-10,178,180,176,177,1700,0
2011-10-07,177,185,176,178,1100,0
2011-10-06,177,178,176,177,6500,0
2011-10-05,176,185,177,177,2900,0
2011-10-04,173,177,176,176,15900,0
2011-10-03,178,176,170,173,500,0
2011-09-30,186,185,176,178,5100,0
2011-09-29,189,193,185,186,2600,0
2011-09-28,194,193,185,189,9000,0
2011-09-27,195,197,193,194,7700,0
2011-09-26,195,197,195,195,4800,0
2011-09-23,196,197,195,195,1500,0
2011-09-22,195,200,195,196,6700,0
2011-09-21,195,196,195,195,9000,0
2011-09-20,196,197,195,195,3400,0
2011-09-19,195,200,195,196,5200,0
2011-09-16,195,195,195,195,100,0
2011-09-15,194,197,193,195,3200,0
2011-09-14,195,195,193,194,600,0
2011-09-13,194,196,192,195,7000,0
2011-09-12,199,199,194,194,7000,0
2011-09-09,199,200,199,199,12800,0
2011-09-08,199,200,199,199,36700,0
2011-09-07,199,200,192,199,22200,0
2011-09-06,201,201,190,199,106400,0
2011-09-05,200,204,195,201,4500,0
2011-09-02,200,201,200,200,1900,0
2011-09-01,203,201,200,200,3900,0
2011-08-30,201,207,200,203,3500,0
2011-08-30,201,207,200,203,3500,0
2011-08-29,201,204,200,201,8100,0
2011-08-26,207,205,200,201,3000,0
2011-08-25,209,209,205,207,10300,0
2011-08-24,210,211,208,209,6000,0
2011-08-23,212,218,208,210,11100,0
2011-08-22,217,216,208,212,10200,0
2011-08-19,213,220,215,217,1400,0
2011-08-18,207,215,208,213,9400,0
2011-08-17,204,208,206,207,2600,0
2011-08-16,201,206,201,204,7700,0
2011-08-15,205,204,201,201,4300,0
2011-08-12,203,210,204,205,3200,0
2011-08-11,209,210,201,203,8700,0
2011-08-10,218,220,200,209,4200,0
2011-08-09,224,225,206,218,7800,0
2011-08-08,225,226,223,224,8300,0
2011-08-05,225,226,225,225,1300,0
2011-08-04,224,228,225,225,500,0
2011-08-03,227,227,224,224,2700,0
2011-08-02,224,230,224,227,3000,0
2011-08-01,224,229,224,224,5500,0
2011-07-29,223,225,223,224,4500,0
2011-07-28,224,225,223,223,4900,0
2011-07-27,222,230,222,224,6100,0
2011-07-26,222,225,221,222,3300,0
2011-07-25,225,224,220,222,9700,0
2011-07-22,221,230,220,225,138100,0
2011-07-21,221,224,220,221,37200,0
2011-07-20,226,228,215,221,12900,0
2011-07-19,229,230,220,226,14400,0
2011-07-18,228,230,229,229,2700,0
2011-07-15,228,230,228,228,8500,0
2011-07-14,228,229,228,228,7700,0
2011-07-13,230,233,227,228,28000,0
2011-07-12,234,235,230,230,7600,0
2011-07-11,235,236,233,234,4800,0
2011-07-07,235,237,235,235,800,0
2011-07-07,235,237,235,235,800,0
2011-07-06,235,240,235,235,4500,0
2011-07-05,236,236,235,235,3300,0
2011-07-04,235,237,235,236,21200,0
2011-07-01,234,236,235,235,2600,0
2011-06-30,235,236,231,234,5100,0
2011-06-29,235,236,235,235,4900,0
2011-06-28,236,237,230,235,12100,0
2011-06-27,236,237,236,236,4300,0
2011-06-24,235,237,236,236,1600,0
2011-06-23,237,238,224,235,22400,0
2011-06-22,239,240,232,237,6900,0
2011-06-21,237,240,237,239,7100,0
2011-06-20,240,239,237,237,5600,0
2011-06-17,241,244,239,240,5900,0
2011-06-16,240,243,239,241,14700,0
2011-06-15,241,241,239,240,13000,0
2011-06-14,240,244,240,241,9100,0
2011-06-13,240,242,240,240,5700,0
2011-06-10,241,242,240,240,4700,0
2011-06-09,241,243,240,241,1900,0
2011-06-08,244,243,240,241,4500,0
2011-06-07,245,246,241,244,4700,0
2011-06-06,244,246,244,245,13900,0
2011-06-03,244,245,244,244,8000,0
2011-06-02,246,246,244,244,28500,0
2011-05-31,245,247,245,246,1800,0
2011-05-31,245,247,245,246,1800,0
2011-05-30,246,246,245,245,4300,0
2011-05-27,244,248,245,246,2400,0
2011-05-26,247,248,244,244,4200,0
2011-05-25,248,250,241,247,10000,0
2011-05-24,250,250,241,248,4800,0
2011-05-23,251,251,248,250,12200,0
2011-05-20,251,253,251,251,700,0
2011-05-19,251,252,251,251,14400,0
2011-05-18,251,252,250,251,75700,0
2011-05-17,250,253,251,251,11700,0
2011-05-16,250,251,250,250,18500,0
2011-05-13,249,251,249,250,11100,0
2011-05-12,250,251,248,249,5300,0
2011-05-11,250,251,250,250,5700,0
2011-05-10,251,252,248,250,6700,0
2011-05-09,251,252,250,251,52300,0
2011-05-06,252,252,250,251,15200,0
2011-05-05,253,253,250,252,12100,0
2011-05-04,251,255,251,253,2400,0
2011-05-03,251,252,251,251,12800,0
2011-04-29,251,252,250,251,23800,0
2011-04-29,251,252,250,251,23800,0
2011-04-28,251,252,251,251,3800,0
2011-04-27,251,252,251,251,8000,0
2011-04-26,251,252,251,251,16000,0
2011-04-21,246,252,246,251,10200,0
2011-04-21,246,252,246,251,10200,0
2011-04-21,246,252,246,251,10200,0
2011-04-20,250,251,245,246,3700,0
2011-04-19,251,252,248,250,10900,0
2011-04-18,251,252,250,251,8400,0
2011-04-15,250,252,250,251,4800,0
2011-04-14,250,252,250,250,27100,0
2011-04-13,248,251,250,250,3700,0
2011-04-12,246,250,247,248,10600,0
2011-04-11,245,251,246,246,19000,0
2011-04-08,251,251,245,245,5900,0
2011-04-07,252,255,245,251,1700,0
2011-04-06,265,260,240,252,6500,0
2011-04-05,267,268,265,265,26000,0
2011-04-04,265,270,265,267,17700,0
2011-04-01,263,270,263,265,1900,0
2011-03-31,260,265,262,263,1400,0
2011-03-30,260,261,260,260,3800,0
2011-03-29,260,261,260,260,4400,0
2011-03-28,259,261,260,260,6800,0
2011-03-25,259,260,259,259,9800,0
2011-03-24,259,260,258,259,6100,0
2011-03-23,260,260,255,259,89100,0
2011-03-22,260,264,260,260,12400,0
2011-03-21,264,263,260,260,3900,0
2011-03-18,265,267,260,264,80300,0
2011-03-17,264,267,265,265,11300,0
2011-03-16,268,267,263,264,17500,0
2011-03-15,263,270,263,268,30800,0
2011-03-14,262,269,262,263,52000,0
2011-03-11,257,265,255,262,25200,0
2011-03-10,260,267,251,257,11600,0
2011-03-09,260,269,260,260,10100,0
2011-03-08,269,265,256,260,8900,0
2011-03-07,275,276,265,269,12500,0
2011-03-04,275,280,275,275,105200,0
2011-03-03,277,281,275,275,44400,0
2011-03-02,278,280,275,277,43200,0
2011-03-01,279,281,275,278,168300,0
2011-02-28,278,280,278,279,17100,0
2011-02-25,275,281,275,278,10300,0
2011-02-24,272,280,274,275,171000,0
2011-02-23,269,274,270,272,9300,0
2011-02-22,267,271,267,269,18700,0
2011-02-21,267,270,266,267,55200,0
2011-02-18,270,270,265,267,6000,0
2011-02-17,271,271,270,270,6300,0
2011-02-16,274,273,271,271,1500,0
2011-02-15,270,275,268,274,148100,0
2011-02-14,274,271,270,270,6100,0
2011-02-11,270,275,269,274,47000,0
2011-02-10,270,270,270,270,3600,0
2011-02-09,270,272,268,270,4800,0
2011-02-08,270,271,268,270,8000,0
2011-02-07,270,272,270,270,7800,0
2011-02-04,270,272,270,270,13000,0
2011-02-03,270,271,270,270,11200,0
2011-02-02,271,271,270,270,13200,0
2011-02-01,271,272,270,271,2900,0
2011-01-31,271,272,269,271,5900,0
2011-01-28,272,272,270,271,5600,0
2011-01-27,271,274,271,272,3300,0
2011-01-26,271,273,270,271,4900,0
2011-01-25,271,275,270,271,14700,0
2011-01-24,271,272,271,271,5100,0
2011-01-21,272,272,271,271,1700,0
2011-01-20,271,273,270,272,29200,0
2011-01-19,270,274,270,271,11000,0
2011-01-18,270,272,270,270,15800,0
2011-01-17,272,272,270,270,48400,0
2011-01-14,271,275,268,272,15900,0
2011-01-13,271,275,270,271,6400,0
2011-01-12,272,272,270,271,7100,0
2011-01-11,272,274,268,272,44100,0
2011-01-10,273,273,270,272,8800,0
2011-01-07,268,282,270,273,7000,0
2011-01-06,265,270,266,268,47800,0
2011-01-05,260,267,260,265,103700,0
2011-01-04,259,262,260,260,13300,0
2011-01-03,258,260,258,259,7600,0
2010-12-31,259,260,257,258,2300,0
2010-12-30,257,260,256,259,15900,0
2010-12-29,255,260,256,257,1600,0
2010-12-28,254,260,254,255,1100,0
2010-12-27,253,254,254,254,15000,0
2010-12-24,249,259,250,253,6200,0
2010-12-23,250,256,249,249,55000,0
2010-12-22,249,251,250,250,3400,0
2010-12-21,249,251,245,249,8800,0
2010-12-20,245,255,245,249,7500,0
2010-12-17,245,250,245,245,231100,0
2010-12-16,241,250,245,245,35300,0
2010-12-15,251,250,240,241,7600,0
2010-12-14,256,261,245,251,3200,0
2010-12-10,258,258,255,256,54400,0
2010-12-10,258,258,255,256,54400,0
2010-12-09,256,263,257,258,6600,0
2010-12-08,257,270,255,256,17900,0
2010-12-07,257,259,255,257,73100,0
2010-12-06,259,259,250,257,19000,0
2010-12-03,261,261,252,259,7200,0
2010-12-02,270,270,260,261,9000,0
2010-12-01,270,273,270,270,12100,0
2010-11-30,271,271,269,270,46300,0
2010-11-29,270,272,270,271,15100,0
2010-11-26,271,272,270,270,21700,0
2010-11-25,271,273,270,271,12400,0
2010-11-24,271,272,270,271,27400,0
2010-11-23,273,275,270,271,14400,0
2010-11-22,274,280,270,273,1700,0
2010-11-19,271,278,272,274,5200,0
2010-11-18,271,272,270,271,4400,0
2010-11-17,270,275,269,271,11200,0
2010-11-16,274,272,269,270,11500,0
2010-11-15,270,275,270,274,41100,0
2010-11-12,269,275,268,270,5300,0
2010-11-11,269,275,261,269,19700,0
2010-11-10,270,270,268,269,48900,0
2010-11-09,275,275,270,270,6500,0
2010-11-08,276,277,270,275,9400,0
2010-11-05,265,279,265,276,32200,0
2010-11-04,261,270,264,265,3400,0
2010-11-03,271,270,260,261,41400,0
2010-11-02,279,280,270,271,3400,0
2010-11-01,259,280,260,279,270100,0
2010-10-29,259,263,258,259,55000,0
2010-10-28,265,261,258,259,7300,0
2010-10-27,269,268,259,265,6400,0
2010-10-26,270,270,268,269,10300,0
2010-10-25,267,285,267,270,7500,0
2010-10-22,265,272,262,267,8100,0
2010-10-21,262,268,262,265,4700,0
2010-10-19,261,268,260,262,3200,0
2010-10-19,261,268,260,262,3200,0
2010-10-18,258,265,258,261,4700,0
2010-10-15,257,262,257,258,5100,0
2010-10-14,256,258,255,257,18900,0
2010-10-13,256,258,255,256,5300,0
2010-10-12,257,258,256,256,24600,0
2010-10-11,258,260,256,257,5400,0
2010-10-08,257,260,255,258,3000,0
2010-10-07,263,261,254,257,3200,0
2010-10-06,271,271,255,263,5800,0
2010-10-05,271,271,271,271,10000,0
2010-10-04,274,274,271,271,4200,0
2010-10-01,275,276,272,274,7200,0
2010-09-30,272,276,274,275,5000,0
2010-09-29,271,276,271,272,24300,0
2010-09-28,270,274,270,271,4700,0
2010-09-27,273,274,270,270,5700,0
2010-09-24,274,276,270,273,12900,0
2010-09-23,276,280,272,274,5400,0
2010-09-22,272,280,272,276,14700,0
2010-09-21,271,275,268,272,16200,0
2010-09-20,268,280,268,271,4900,0
2010-09-17,268,270,266,268,12700,0
2010-09-16,266,270,266,268,5800,0
2010-09-15,263,269,263,266,12500,0
2010-09-14,254,265,254,263,25100,0
2010-09-13,252,260,253,254,25600,0
2010-09-10,251,253,252,252,16400,0
2010-09-09,251,252,251,251,3300,0
2010-09-08,251,255,251,251,9200,0
2010-09-07,251,252,251,251,44700,0
2010-09-06,250,255,251,251,3600,0
2010-09-03,251,252,250,250,6200,0
2010-09-02,251,255,251,251,17200,0
2010-09-01,251,255,250,251,3000,0
2010-08-31,250,255,250,251,4200,0
2010-08-30,250,253,250,250,15000,0
2010-08-26,252,258,250,250,7800,0
2010-08-26,252,258,250,250,7800,0
2010-08-25,251,257,251,252,7800,0
2010-08-24,259,255,245,251,16100,0
2010-08-23,258,260,255,259,58500,0
2010-08-20,259,268,258,258,11300,0
2010-08-19,265,261,256,259,117000,0
2010-08-18,258,270,258,265,63200,0
2010-08-17,245,260,250,258,69800,0
2010-08-16,252,252,245,245,15400,0
2010-08-13,271,270,245,252,24700,0
2010-08-12,271,272,270,271,84100,0
2010-08-11,291,291,270,271,83700,0
2010-08-10,297,295,268,291,65000,0
2010-08-09,299,320,290,297,7300,0
2010-08-06,299,320,290,299,91800,0
2010-08-05,281,309,289,299,105200,0
2010-08-03,262,288,263,281,14800,0
2010-08-03,262,288,263,281,14800,0
2010-08-02,254,279,255,262,59700,0
2010-07-30,251,257,253,254,6700,0
2010-07-29,251,255,250,251,32600,0
2010-07-28,257,255,247,251,10000,0
2010-07-27,247,265,246,257,34300,0
2010-07-26,250,250,245,247,9100,0
2010-07-23,247,255,248,250,45400,0
2010-07-22,243,250,243,247,41400,0
2010-07-21,244,247,230,243,19200,0
2010-07-20,240,250,241,244,7100,0
2010-07-19,238,245,240,240,24600,0
2010-07-16,235,240,235,238,4600,0
2010-07-15,233,240,233,235,57800,0
2010-07-14,230,240,230,233,77900,0
2010-07-13,230,232,230,230,7400,0
2010-07-12,229,235,230,230,8800,0
2010-07-09,229,229,229,229,20200,0
2010-07-08,228,231,228,229,12300,0
2010-07-07,227,230,227,228,8000,0
2010-07-06,224,245,224,227,19900,0
2010-07-05,222,226,222,224,12100,0
2010-07-02,221,223,221,222,15900,0
2010-07-01,222,225,220,221,10100,0
2010-06-30,223,230,220,222,18800,0
2010-06-29,222,225,205,223,25600,0
2010-06-28,219,225,220,222,7300,0
2010-06-25,218,225,218,219,2800,0
2010-06-24,216,225,215,218,11300,0
2010-06-23,214,219,214,216,18400,0
2010-06-22,214,217,214,214,6900,0
2010-06-21,214,215,214,214,22000,0
2010-06-18,213,216,214,214,16100,0
2010-06-17,214,214,212,213,4100,0
2010-06-16,214,215,214,214,105100,0
2010-06-15,217,215,214,214,35200,0
2010-06-14,214,220,212,217,14900,0
2010-06-11,214,215,212,214,9500,0
2010-06-10,214,218,214,214,6600,0
2010-06-09,211,215,210,214,49700,0
2010-06-08,214,214,205,211,22700,0
2010-06-07,215,215,212,214,7700,0
2010-06-04,214,218,212,215,28600,0
2010-06-03,211,217,212,214,16600,0
2010-06-02,216,220,211,211,2900,0
2010-05-31,225,225,206,216,6000,0
2010-05-31,225,225,206,216,6000,0
2010-05-28,224,227,225,225,39400,0
2010-05-27,224,225,224,224,37600,0
2010-05-26,223,228,221,224,145200,0
2010-05-25,219,225,220,223,24000,0
2010-05-24,220,223,210,219,7300,0
2010-05-21,219,225,210,220,15800,0
2010-05-20,214,220,214,219,59700,0
2010-05-19,210,220,211,214,7500,0
2010-05-18,207,220,205,210,17700,0
2010-05-17,204,218,204,207,3600,0
2010-05-14,204,205,204,204,6200,0
2010-05-13,204,220,200,204,45100,0
2010-05-12,201,205,201,204,7100,0
2010-05-11,200,203,200,201,8200,0
2010-05-10,204,204,200,200,7600,0
2010-05-07,200,205,200,204,12500,0
2010-05-06,199,201,200,200,7300,0
2010-05-05,197,201,197,199,11500,0
2010-05-04,196,200,195,197,25100,0
2010-05-03,199,200,195,196,2900,0
2010-04-30,198,201,198,199,9400,0
2010-04-29,198,200,198,198,16300,0
2010-04-28,195,201,195,198,21900,0
2010-04-27,195,200,194,195,11000,0
2010-04-26,192,196,193,195,8300,0
2010-04-23,190,193,190,192,8600,0
2010-04-22,189,191,190,190,29000,0
2010-04-21,189,191,189,189,8700,0
2010-04-20,188,190,188,189,8200,0
2010-04-19,188,189,187,188,16600,0
2010-04-16,186,189,186,188,15500,0
2010-04-15,185,187,185,186,9800,0
2010-04-14,184,186,185,185,4500,0
2010-04-13,185,189,183,184,18000,0
2010-04-12,186,187,185,185,19500,0
2010-04-09,186,190,186,186,22700,0
2010-04-08,185,187,186,186,12600,0
2010-04-07,193,193,185,185,37900,0
2010-04-06,190,195,193,193,18600,0
2010-04-01,189,193,190,190,12500,0
2010-04-01,189,193,190,190,12500,0
2010-04-01,189,193,190,190,12500,0
2010-03-31,192,195,189,189,5500,0
2010-03-30,189,194,189,192,30300,0
2010-03-29,190,190,189,189,8800,0
2010-03-26,190,191,189,190,13700,0
2010-03-25,190,191,190,190,9600,0
2010-03-24,189,193,189,190,11900,0
2010-03-23,186,191,186,189,38100,0
2010-03-22,187,189,186,186,13400,0
2010-03-19,188,189,186,187,33300,0
2010-03-18,185,190,185,188,4300,0
2010-03-17,185,189,184,185,41100,0
2010-03-16,188,189,184,185,3600,0
2010-03-15,188,190,186,188,19500,0
2010-03-12,185,190,184,188,22700,0
2010-03-11,189,186,184,185,15900,0
2010-03-10,191,192,187,189,17100,0
2010-03-09,189,194,187,191,13100,0
2010-03-08,188,195,187,189,44700,0
2010-03-05,184,190,186,188,57800,0
2010-03-04,184,187,180,184,95000,0
2010-03-03,180,185,181,184,4200,0
2010-03-02,180,181,180,180,5800,0
2010-03-01,178,185,179,180,2900,0
2010-02-26,176,180,176,178,11600,0
2010-02-25,176,178,176,176,7100,0
2010-02-24,174,177,175,176,206000,0
2010-02-23,174,175,173,174,2100,0
2010-02-22,173,175,174,174,1900,0
2010-02-19,172,175,173,173,3600,0
2010-02-18,172,174,172,172,3900,0
2010-02-17,173,173,172,172,2700,0
2010-02-16,172,175,172,173,5000,0
2010-02-15,173,173,172,172,3100,0
2010-02-12,171,175,170,173,11300,0
2010-02-11,170,172,170,171,3100,0
2010-02-10,168,172,169,170,8900,0
2010-02-09,169,170,167,168,14500,0
2010-02-08,170,171,168,169,13100,0
2010-02-05,170,171,170,170,9400,0
2010-02-04,169,171,169,170,2100,0
2010-02-03,169,170,166,169,5300,0
2010-02-02,170,170,169,169,13900,0
2010-02-01,169,171,169,170,3600,0
2010-01-29,167,170,167,169,1700,0
2010-01-28,165,170,165,167,2900,0
2010-01-27,165,166,165,165,30800,0
2010-01-26,165,166,165,165,7200,0
2010-01-25,165,166,165,165,3300,0
2010-01-22,167,165,165,165,1100,0
2010-01-21,164,169,165,167,1000,0
2010-01-20,161,169,162,164,25400,0
2010-01-19,161,170,160,161,14400,0
2010-01-18,160,161,161,161,100,0
2010-01-15,162,161,160,160,2600,0
2010-01-14,157,165,157,162,77000,0
2010-01-13,158,160,157,157,28700,0
2010-01-12,158,160,156,158,14900,0
2010-01-11,157,159,158,158,17500,0
2010-01-08,157,158,157,157,2200,0
2010-01-07,156,159,156,157,3000,0
2010-01-06,159,160,156,156,19400,0
2010-01-05,156,161,159,159,2700,0
2010-01-04,161,160,156,156,24600,0
2009-12-31,161,162,160,161,4000,0
2009-12-31,161,162,160,161,4000,0
2009-12-30,162,162,160,161,7800,0
2009-12-29,161,162,162,162,1400,0
2009-12-28,160,165,161,161,7000,0
2009-12-24,158,165,160,160,1500,0
2009-12-24,158,165,160,160,1500,0
2009-12-23,159,160,153,158,102900,0
2009-12-22,159,160,159,159,33700,0
2009-12-21,157,165,158,159,1500,0
2009-12-18,157,161,155,157,135800,0
2009-12-17,153,158,155,157,152400,0
2009-12-16,150,155,153,153,4100,0
2009-12-15,149,152,150,150,1400,0
2009-12-14,152,150,149,149,800,0
2009-12-11,149,153,150,152,79400,0
2009-12-10,149,150,149,149,14100,0
2009-12-09,148,149,149,149,2900,0
2009-12-08,147,149,146,148,9100,0
2009-12-07,147,149,147,147,4400,0
2009-12-04,146,148,147,147,2300,0
2009-12-03,148,148,143,146,3800,0
2009-12-02,148,149,147,148,3400,0
2009-12-01,147,150,147,148,3500,0
2009-11-30,146,148,147,147,4500,0
2009-11-27,147,147,146,146,1400,0
2009-11-26,148,149,146,147,2900,0
2009-11-25,148,149,147,148,7400,0
2009-11-24,147,155,146,148,11400,0
2009-11-23,146,148,147,147,2200,0
2009-11-20,145,147,146,146,8100,0
2009-11-19,145,146,145,145,3100,0
2009-11-18,146,147,145,145,1500,0
2009-11-17,146,147,145,146,3000,0
2009-11-16,146,147,146,146,3500,0
2009-11-13,147,148,146,146,3800,0
2009-11-12,146,147,147,147,3900,0
2009-11-11,147,147,145,146,8200,0
2009-11-10,147,150,145,147,16500,0
2009-11-09,147,148,146,147,3000,0
2009-11-06,145,148,145,147,3600,0
2009-11-05,145,148,144,145,26900,0
2009-11-04,146,147,145,145,9100,0
2009-11-03,142,147,145,146,15600,0
2009-11-02,141,142,142,142, -   ,0
2009-10-29,141,141,141,141,500,0
2009-10-29,141,141,141,141,500,0
2009-10-28,141,142,141,141,3000,0
2009-10-27,143,142,141,141,37500,0
2009-10-26,141,145,141,143,800,0
2009-10-22,139,142,141,141,3700,0
2009-10-22,139,142,141,141,3700,0
2009-10-21,140,141,135,139,3200,0
2009-10-19,140,141,140,140,2800,0
2009-10-19,140,141,140,140,2800,0
2009-10-16,139,142,139,140,3700,0
2009-10-15,140,140,139,139,4200,0
2009-10-14,140,142,140,140,7200,0
2009-10-13,140,141,140,140,1000,0
2009-10-12,141,142,140,140,8700,0
2009-10-09,140,143,140,141,7500,0
2009-10-08,140,142,140,140,3300,0
2009-10-07,142,145,140,140,12700,0
2009-10-06,140,145,140,142,12600,0
2009-10-05,140,141,140,140,3700,0
2009-10-02,141,141,139,140,6400,0
2009-10-01,140,144,139,141,2200,0
2009-09-30,142,141,140,140,15600,0
2009-09-29,141,144,140,142,842200,0
2009-09-28,141,142,141,141,4400,0
2009-09-25,141,145,141,141,2400,0
2009-09-24,141,142,140,141,2800,0
2009-09-23,141,145,140,141,15000,0
2009-09-22,139,142,140,141,15900,0
2009-09-18,140,141,139,139,4900,0
2009-09-18,140,141,139,139,4900,0
2009-09-17,140,142,140,140,4000,0
2009-09-16,141,143,140,140,2400,0
2009-09-15,140,142,140,141,22700,0
2009-09-14,141,142,140,140,3500,0
2009-09-11,139,142,140,141,4600,0
2009-09-10,141,141,139,139,4000,0
2009-09-09,140,142,140,141,3400,0
2009-09-08,140,142,140,140,22100,0
2009-09-07,142,142,140,140,1900,0
2009-09-04,142,142,142,142,4100,0
2009-09-03,143,143,142,142,2800,0
2009-09-02,139,145,140,143,4700,0
2009-09-01,137,140,139,139,2100,0
2009-08-31,139,140,137,137,10000,0
2009-08-28,140,140,137,139,4700,0
2009-08-27,140,140,140,140,8600,0
2009-08-26,143,145,136,140,6600,0
2009-08-24,145,146,140,143,3200,0
2009-08-24,145,146,140,143,3200,0
2009-08-21,147,147,143,145,3500,0
2009-08-20,148,150,145,147,13500,0
2009-08-19,149,150,148,148,600,0
2009-08-18,148,151,146,149,5100,0
2009-08-17,151,151,148,148,10100,0
2009-08-14,151,152,150,151,44800,0
2009-08-13,151,152,150,151,296100,0
2009-08-12,152,152,149,151,72700,0
2009-08-11,152,154,152,152,2200,0
2009-08-10,148,153,152,152,2000,0
2009-08-07,147,155,148,148,12500,0
2009-08-06,140,150,141,147,18400,0
2009-08-05,138,142,139,140,3300,0
2009-08-04,137,140,137,138,6400,0
2009-08-03,137,138,137,137,2400,0
2009-07-31,136,138,136,137,12000,0
2009-07-30,138,137,136,136,1700,0
2009-07-29,138,139,137,138,4700,0
2009-07-28,139,140,137,138,10700,0
2009-07-27,139,140,139,139,1700,0
2009-07-24,137,141,138,139,3600,0
2009-07-23,135,140,136,137,4400,0
2009-07-22,135,137,132,135,4200,0
2009-07-21,136,137,135,135,6600,0
2009-07-20,136,137,136,136,3000,0
2009-07-17,136,144,135,136,5900,0
2009-07-16,138,138,135,136,7600,0
2009-07-15,139,140,135,138,4100,0
2009-07-14,139,140,139,139,3200,0
2009-07-13,139,141,139,139,5400,0
2009-07-10,139,140,139,139,4400,0
2009-07-09,138,142,138,139,9700,0
2009-07-08,140,139,138,138,4000,0
2009-07-07,140,141,140,140,3700,0
2009-07-06,143,142,140,140,6900,0
2009-07-03,143,144,141,143,4700,0
2009-07-02,144,144,141,143,9400,0
2009-07-01,144,145,142,144,32300,0
2009-06-30,143,145,141,144,9000,0
2009-06-29,144,145,141,143,2000,0
2009-06-26,141,150,140,144,61600,0
2009-06-25,141,145,140,141,46700,0
2009-06-24,145,145,140,141,17500,0
2009-06-23,145,149,140,145,41200,0
2009-06-22,140,149,145,145,12700,0
2009-06-19,138,145,140,140,172100,0
2009-06-18,136,142,136,138,5000,0
2009-06-17,135,137,136,136,3100,0
2009-06-16,135,137,135,135,51400,0
2009-06-15,136,137,135,135,83200,0
2009-06-12,135,136,136,136,1700,0
2009-06-11,136,136,135,135,5300,0
2009-06-10,135,137,134,136,11000,0
2009-06-09,135,137,134,135,56700,0
2009-06-08,135,137,135,135,13400,0
2009-06-05,135,137,135,135,9200,0
2009-06-04,136,137,135,135,6600,0
2009-06-03,135,138,136,136,10000,0
2009-06-02,137,137,135,135,1300,0
2009-05-29,137,142,137,137,1500,0
2009-05-29,137,142,137,137,1500,0
2009-05-28,137,137,137,137,500,0
2009-05-27,136,139,137,137,692600,0
2009-05-26,134,137,135,136,54200,0
2009-05-25,135,135,133,134,3000,0
2009-05-22,135,136,133,135,5200,0
2009-05-21,135,136,135,135,129900,0
2009-05-20,135,136,135,135,1700,0
2009-05-19,133,135,135,135,58700,0
2009-05-18,132,135,132,133,1400,0
2009-05-15,132,132,132,132,9500,0
2009-05-14,135,135,131,132,1700,0
2009-05-13,135,137,135,135,6200,0
2009-05-12,135,135,135,135,5300,0
2009-05-11,135,135,135,135,21100,0
2009-05-08,135,137,135,135,20400,0
2009-05-07,133,138,131,135,2200,0
2009-05-06,132,138,130,133,19700,0
2009-05-05,129,135,131,132,1400,0
2009-05-04,135,136,125,129,5200,0
2009-04-30,137,138,135,135,2200,0
2009-04-30,137,138,135,135,2200,0
2009-04-29,137,138,135,137,104000,0
2009-04-28,137,137,137,137,2700,0
2009-04-27,137,138,137,137,600,0
2009-04-24,138,138,137,137,1700,0
2009-04-23,138,140,137,138,2700,0
2009-04-22,137,140,138,138,1100,0
2009-04-21,137,138,137,137,7100,0
2009-04-20,137,137,137,137,700,0
2009-04-17,137,139,137,137,4400,0
2009-04-16,139,140,137,137,3200,0
2009-04-15,138,141,138,139,6200,0
2009-04-14,139,139,138,138,1900,0
2009-04-09,141,140,138,139,11700,0
2009-04-09,141,140,138,139,11700,0
2009-04-09,141,140,138,139,11700,0
2009-04-08,140,142,140,141,2600,0
2009-04-07,143,142,140,140,6900,0
2009-04-06,140,144,143,143,1000,0
2009-04-03,140,140,140,140,1900,0
2009-04-02,139,140,140,140,21700,0
2009-04-01,139,140,138,139,56800,0
2009-03-31,138,143,137,139,15000,0
2009-03-30,137,144,137,138,11000,0
2009-03-27,136,137,137,137,1100,0
2009-03-26,136,137,136,136,5100,0
2009-03-25,136,137,136,136,91700,0
2009-03-24,138,137,136,136,1200,0
2009-03-23,138,139,136,138,34200,0
2009-03-20,137,139,138,138,84200,0
2009-03-19,140,140,134,137,2200,0
2009-03-18,139,142,139,140,2700,0
2009-03-17,139,141,134,139,16500,0
2009-03-16,134,140,139,139,14500,0
2009-03-13,129,139,129,134,4400,0
2009-03-12,129,135,127,129,11100,0
2009-03-11,129,140,126,129,5900,0
2009-03-10,127,130,129,129,3500,0
2009-03-09,129,130,126,127,2600,0
2009-03-06,131,131,128,129,2300,0
2009-03-05,139,140,126,131,1700,0
2009-03-04,140,140,130,139,30200,0
2009-03-03,140,141,140,140,7300,0
2009-03-02,140,141,140,140,2400,0
2009-02-27,141,142,140,140,8900,0
2009-02-26,140,142,140,141,7600,0
2009-02-25,140,141,140,140,2000,0
2009-02-24,141,142,140,140,5900,0
2009-02-23,142,145,141,141,1700,0
2009-02-20,144,144,142,142,1600,0
2009-02-19,145,145,143,144,15600,0
2009-02-18,143,147,143,145,12100,0
2009-02-17,145,146,140,143,3400,0
2009-02-16,146,147,145,145,5000,0
2009-02-13,147,148,145,146,2700,0
2009-02-12,146,149,145,147,11000,0
2009-02-11,145,155,145,146,3000,0
2009-02-10,155,145,145,145,1500,0
2009-02-09,155,158,141,155,8600,0
2009-02-06,158,158,152,155,5400,0
2009-02-05,158,160,155,158,4200,0
2009-02-04,158,160,155,158,1600,0
2009-02-03,160,160,158,158,6600,0
2009-02-02,161,162,160,160,1800,0
2009-01-30,161,163,161,161,4100,0
2009-01-29,162,163,160,161,8100,0
2009-01-28,163,163,161,162,21700,0
2009-01-27,164,165,163,163,14100,0
2009-01-26,163,165,163,164,13000,0
2009-01-23,164,165,160,163,4800,0
2009-01-22,164,165,164,164,8200,0
2009-01-21,164,164,164,164,4000,0
2009-01-20,164,165,164,164,2000,0
2009-01-19,164,165,164,164,4800,0
2009-01-16,165,165,163,164,1800,0
2009-01-15,166,166,163,165,6700,0
2009-01-14,165,169,165,166,2400,0
2009-01-13,165,169,165,165,3500,0
2009-01-12,164,167,165,165,2100,0
2009-01-09,164,166,164,164,5400,0
2009-01-08,163,165,163,164,15300,0
2009-01-07,163,164,163,163,1200,0
2009-01-06,160,166,161,163,2800,0
2009-01-05,160,161,160,160,3300,0
2009-01-02,160,160,160,160,100,0
2008-12-31,160,161,160,160,600,0
2008-12-31,160,161,160,160,600,0
2008-12-30,157,161,159,160,1500,0
2008-12-29,158,159,151,157,11000,0
2008-12-24,157,160,158,158,1300,0
2008-12-24,157,160,158,158,1300,0
2008-12-24,157,160,158,158,1300,0
2008-12-23,155,160,157,157,600,0
2008-12-22,155,160,155,155,4800,0
2008-12-19,155,160,155,155,17200,0
2008-12-18,155,161,155,155,25000,0
2008-12-17,155,160,154,155,6500,0
2008-12-16,156,161,154,155,6100,0
2008-12-15,153,158,155,156,15800,0
2008-12-11,149,155,149,153,3900,0
2008-12-11,149,155,149,153,3900,0
2008-12-10,149,150,148,149,14300,0
2008-12-09,147,150,148,149,43900,0
2008-12-08,151,151,140,147,8600,0
2008-12-05,155,155,150,151,3400,0
2008-12-04,156,164,154,155,3600,0
2008-12-03,158,160,154,156,19400,0
2008-12-02,160,162,152,158,45700,0
2008-12-01,160,162,160,160,10500,0
2008-11-28,163,163,158,160,7000,0
2008-11-27,162,165,162,163,4100,0
2008-11-26,165,165,160,162,14100,0
2008-11-25,165,166,165,165,166100,0
2008-11-24,166,166,164,165,17200,0
2008-11-21,168,168,165,166,2800,0
2008-11-20,169,170,168,168,6400,0
2008-11-19,174,175,168,169,3000,0
2008-11-18,174,175,174,174,3400,0
2008-11-17,173,176,173,174,21600,0
2008-11-14,173,175,170,173,8600,0
2008-11-13,169,175,173,173,2000,0
2008-11-12,170,173,169,169,26400,0
2008-11-11,175,179,167,170,5300,0
2008-11-10,179,179,174,175,600,0
2008-11-07,180,185,165,179,60200,0
2008-11-05,170,187,175,180,69500,0
2008-11-05,170,187,175,180,69500,0
2008-11-04,173,173,168,170,17000,0
2008-11-03,165,180,165,173,4800,0
2008-10-31,165,166,165,165,12000,0
2008-10-30,163,170,160,165,14500,0
2008-10-29,164,165,163,163,6700,0
2008-10-28,165,165,160,164,25600,0
2008-10-27,165,166,165,165,15100,0
2008-10-24,165,168,165,165,19800,0
2008-10-23,165,165,165,165,4500,0
2008-10-22,166,167,165,165,18300,0
2008-10-21,168,169,165,166,1500,0
2008-10-17,169,170,167,168,3700,0
2008-10-17,169,170,167,168,3700,0
2008-10-16,170,172,168,169,12600,0
2008-10-15,170,172,170,170,11200,0
2008-10-14,166,171,170,170,7300,0
2008-10-13,171,171,165,166,21400,0
2008-10-09,179,175,171,171,4600,0
2008-10-09,179,175,171,171,4600,0
2008-10-08,180,181,175,179,35800,0
2008-10-07,180,182,180,180,5900,0
2008-10-06,181,182,180,180,6900,0
2008-10-03,181,182,180,181,58300,0
2008-10-02,182,183,181,181,27800,0
2008-09-30,181,183,180,182,36700,0
2008-09-30,181,183,180,182,36700,0
2008-09-29,181,183,181,181,4500,0
2008-09-26,181,184,181,181,7800,0
2008-09-25,182,184,181,181,5800,0
2008-09-24,182,184,180,182,38200,0
2008-09-23,180,184,180,182,10500,0
2008-09-22,180,182,180,180,5200,0
2008-09-19,170,181,180,180,3700,0
2008-09-18,171,180,170,170,770400,0
2008-09-17,171,173,171,171,5100,0
2008-09-16,170,175,170,171,5900,0
2008-09-15,171,171,170,170,7400,0
2008-09-12,170,175,170,171,7800,0
2008-09-11,178,175,168,170,21500,0
2008-09-10,181,180,171,178,2500,0
2008-09-09,185,187,178,181,7000,0
2008-09-08,188,189,181,185,4600,0
2008-09-05,188,189,185,188,12800,0
2008-09-04,189,190,187,188,7600,0
2008-09-03,189,190,189,189,9900,0
2008-09-02,188,190,189,189,12400,0
2008-09-01,189,189,186,188,21700,0
2008-08-29,189,191,188,189,25400,0
2008-08-28,190,190,188,189,5200,0
2008-08-27,191,191,190,190,4100,0
2008-08-26,192,193,190,191,20600,0
2008-08-25,191,194,190,192,16500,0
2008-08-22,192,193,191,191,4600,0
2008-08-21,191,193,190,192,30200,0
2008-08-20,192,194,190,191,20000,0
2008-08-19,192,194,190,192,28400,0
2008-08-18,189,193,189,192,106700,0
2008-08-15,188,191,185,189,27200,0
2008-08-14,187,190,185,188,8200,0
2008-08-13,189,190,185,187,7000,0
2008-08-12,191,190,186,189,5000,0
2008-08-11,193,194,190,191,3300,0
2008-08-08,186,195,190,193,53800,0
2008-08-07,190,195,185,186,1700,0
2008-08-06,193,197,183,190,5600,0
2008-08-05,197,197,185,193,8200,0
2008-08-04,197,197,197,197,1400,0
2008-08-01,199,200,195,197,8000,0
2008-07-31,199,200,198,199,8600,0
2008-07-30,200,201,198,199,10700,0
2008-07-29,200,201,200,200,12300,0
2008-07-28,201,203,200,200,11300,0
2008-07-25,200,203,201,201,6800,0
2008-07-24,200,201,200,200,5000,0
2008-07-23,202,202,200,200,13000,0
2008-07-22,201,204,201,202,12700,0
2008-07-21,202,203,201,201,7300,0
2008-07-18,204,207,201,202,23300,0
2008-07-17,203,206,200,204,22800,0
2008-07-16,201,205,200,203,13400,0
2008-07-15,205,205,200,201,30700,0
2008-07-14,205,208,202,205,10900,0
2008-07-11,208,206,205,205,4400,0
2008-07-10,207,210,205,208,95100,0
2008-07-09,205,210,205,207,13700,0
2008-07-08,204,212,200,205,14800,0
2008-07-07,209,210,200,204,7300,0
2008-07-04,208,210,209,209,22500,0
2008-07-03,209,210,205,208,14400,0
2008-07-02,210,211,205,209,12300,0
2008-07-01,210,212,210,210,17400,0
2008-06-30,209,214,209,210,10000,0
2008-06-27,209,216,208,209,28200,0
2008-06-26,210,216,207,209,3800,0
2008-06-25,215,215,200,210,9900,0
2008-06-24,215,215,215,215,12900,0
2008-06-23,217,218,215,215,5700,0
2008-06-20,219,218,215,217,31900,0
2008-06-19,218,220,213,219,17200,0
2008-06-18,219,220,215,218,7400,0
2008-06-17,219,220,217,219,350900,0
2008-06-16,220,220,217,219,16100,0
2008-06-13,220,222,219,220,3600,0
2008-06-12,219,221,220,220,22100,0
2008-06-11,218,221,215,219,33600,0
2008-06-10,221,220,218,218,4300,0
2008-06-09,219,230,219,221,13900,0
2008-06-06,218,220,217,219,17800,0
2008-06-05,215,220,215,218,40600,0
2008-06-04,216,217,215,215,16000,0
2008-06-03,215,217,215,216,11400,0
2008-05-30,214,216,213,215,109300,0
2008-05-30,214,216,213,215,109300,0
2008-05-29,213,215,213,214,10800,0
2008-05-28,212,215,213,213,36400,0
2008-05-27,212,215,212,212,60600,0
2008-05-26,211,213,212,212,15500,0
2008-05-23,211,212,210,211,52500,0
2008-05-22,210,212,211,211,22200,0
2008-05-21,210,211,195,210,102800,0
2008-05-20,210,212,210,210,109900,0
2008-05-19,210,212,210,210,13200,0
2008-05-16,209,212,209,210,12000,0
2008-05-15,207,211,208,209,19800,0
2008-05-14,208,210,205,207,6600,0
2008-05-13,209,210,208,208,13000,0
2008-05-12,209,211,209,209,6800,0
2008-05-09,210,211,209,209,55200,0
2008-05-08,209,211,210,210,4000,0
2008-05-07,207,215,207,209,19200,0
2008-05-06,206,210,205,207,23000,0
2008-05-05,205,208,205,206,4600,0
2008-05-02,208,208,203,205,41100,0
2008-04-30,203,220,202,208,8000,0
2008-04-30,203,220,202,208,8000,0
2008-04-29,202,205,202,203,7900,0
2008-04-28,203,205,201,202,7300,0
2008-04-25,199,209,199,203,13300,0
2008-04-24,198,202,196,199,14800,0
2008-04-23,199,200,197,198,5300,0
2008-04-22,199,201,198,199,6300,0
2008-04-21,200,201,198,199,16700,0
2008-04-18,201,202,200,200,23200,0
2008-04-17,201,203,200,201,31200,0
2008-04-16,201,211,201,201,12700,0
2008-04-15,200,203,200,201,72800,0
2008-04-14,201,201,200,200,7500,0
2008-04-11,200,203,200,201,3700,0
2008-04-10,200,201,200,200,3800,0
2008-04-09,201,201,200,200,13800,0
2008-04-08,199,203,200,201,10700,0
2008-04-07,199,203,197,199,77800,0
2008-04-04,203,203,196,199,46800,0
2008-04-03,203,205,201,203,49400,0
2008-04-02,201,204,200,203,23200,0
2008-04-01,199,215,200,201,9700,0
2008-03-31,200,202,195,199,8400,0
2008-03-28,200,202,200,200,8700,0
2008-03-27,199,202,200,200,27200,0
2008-03-26,202,200,198,199,12100,0
2008-03-25,202,205,200,202,19600,0
2008-03-20,200,210,200,202,22300,0
2008-03-20,200,210,200,202,22300,0
2008-03-20,200,210,200,202,22300,0
2008-03-19,199,202,200,200,10400,0
2008-03-18,199,202,196,199,13900,0
2008-03-17,203,202,198,199,20500,0
2008-03-14,205,205,200,203,166700,0
2008-03-13,207,210,205,205,14100,0
2008-03-12,211,217,205,207,34600,0
2008-03-11,213,214,210,211,40700,0
2008-03-10,211,217,211,213,70200,0
2008-03-07,215,216,210,211,23500,0
2008-03-06,218,220,201,215,55300,0
2008-03-05,217,223,215,218,96500,0
2008-03-04,213,218,210,217,131600,0
2008-03-03,214,220,210,213,116000,0
2008-02-29,215,220,210,214,148000,0
2008-02-28,216,220,214,215,33100,0
2008-02-27,217,218,202,216,40700,0
2008-02-26,217,220,208,217,28300,0
2008-02-25,215,219,212,217,12700,0
2008-02-22,216,218,200,215,31700,0
2008-02-21,216,220,214,216,52600,0
2008-02-20,211,220,210,216,22400,0
2008-02-19,217,221,200,211,22500,0
2008-02-18,217,221,215,217,25300,0
2008-02-15,221,220,210,217,42300,0
2008-02-14,218,236,217,221,112000,0
2008-02-13,208,220,208,218,44800,0
2008-02-12,207,210,205,208,12100,0
2008-02-11,202,210,205,207,15400,0
2008-02-08,201,205,200,202,23800,0
2008-02-07,201,204,199,201,13100,0
2008-02-06,202,205,201,201,19500,0
2008-02-05,201,204,200,202,62600,0
2008-02-04,201,204,196,201,21300,0
2008-02-01,202,203,200,201,18000,0
2008-01-31,201,204,201,202,17700,0
2008-01-30,203,203,190,201,14600,0
2008-01-29,204,204,186,203,258900,0
2008-01-28,205,204,204,204,69400,0
2008-01-25,204,210,204,205,23600,0
2008-01-24,204,205,204,204,31400,0
2008-01-23,204,206,204,204,50700,0
2008-01-22,205,210,204,204,96900,0
2008-01-18,205,220,205,205,164600,0
2008-01-18,205,220,205,205,164600,0
2008-01-17,208,215,204,205,96000,0
2008-01-16,204,215,205,208,10500,0
2008-01-15,205,206,204,204,95800,0
2008-01-14,205,209,202,205,27100,0
2008-01-11,205,210,205,205,29300,0
2008-01-10,203,210,200,205,15000,0
2008-01-09,200,209,200,203,80000,0
2008-01-08,184,202,192,200,33900,0
2008-01-07,177,186,182,184,6500,0
2008-01-04,186,185,175,177,3700,0
2008-01-02,206,199,186,186,9700,0
2007-12-24,202,211,201,206,36000,0
2007-12-24,202,211,201,206,36000,0
2007-12-24,202,211,201,206,36000,0
2007-12-24,202,211,201,206,36000,0
2007-12-24,202,211,201,206,36000,0
2007-12-24,202,211,201,206,36000,0
2007-12-24,202,211,201,206,36000,0
2007-12-21,199,205,197,202,14100,0
2007-12-20,204,205,197,199,15600,0
2007-12-18,205,210,199,204,15900,0
2007-12-18,205,210,199,204,15900,0
2007-12-17,200,210,196,205,54500,0
2007-12-14,201,205,198,200,24500,0
2007-12-13,201,205,199,201,17000,0
2007-12-11,202,202,200,201,55400,0
2007-12-11,202,202,200,201,55400,0
2007-12-10,200,210,196,202,16400,0
2007-12-07,204,203,193,200,13500,0
2007-12-06,202,210,192,204,121200,0
2007-12-05,201,208,197,202,17100,0
2007-12-04,206,210,195,201,16400,0
2007-12-03,208,210,205,206,75100,0
2007-11-30,208,210,205,208,40000,0
2007-11-29,204,214,205,208,39900,0
2007-11-28,205,210,200,204,36100,0
2007-11-27,205,210,200,205,15500,0
2007-11-26,206,210,196,205,10600,0
2007-11-23,204,214,200,206,14500,0
2007-11-22,204,214,199,204,17400,0
2007-11-21,199,215,195,204,16600,0
2007-11-20,195,213,190,199,14900,0
2007-11-19,193,200,191,195,13900,0
2007-11-16,192,198,187,193,28000,0
2007-11-15,196,195,186,192,7100,0
2007-11-14,193,200,193,196,11100,0
2007-11-13,193,200,188,193,29200,0
2007-11-12,193,200,186,193,12200,0
2007-11-09,191,200,191,193,19400,0
2007-11-08,192,195,185,191,10500,0
2007-11-07,187,195,189,192,50500,0
2007-11-06,189,194,185,187,11700,0
2007-11-05,187,199,181,189,19800,0
2007-11-02,181,189,182,187,25900,0
2007-11-01,184,186,176,181,9200,0
2007-10-31,186,190,179,184,16700,0
2007-10-30,185,188,179,186,18200,0
2007-10-29,182,192,180,185,33600,0
2007-10-26,189,189,177,182,12200,0
2007-10-25,192,192,180,189,40500,0
2007-10-24,192,195,190,192,30400,0
2007-10-23,191,195,190,192,29500,0
2007-10-22,191,195,184,191,10600,0
2007-10-19,189,195,188,191,39200,0
2007-10-18,186,191,183,189,14700,0
2007-10-17,183,195,182,186,13900,0
2007-10-16,179,186,181,183,9100,0
2007-10-15,183,195,173,179,42400,0
2007-10-12,184,190,174,183,19900,0
2007-10-11,187,190,173,184,11800,0
2007-10-09,184,188,185,187,37100,0
2007-10-09,184,188,185,187,37100,0
2007-10-08,177,192,173,184,42700,0
2007-10-05,190,189,171,177,26700,0
2007-10-04,189,195,180,190,32700,0
2007-10-03,190,190,185,189,79600,0
2007-10-02,188,192,185,190,14300,0
2007-10-01,189,192,185,188,21200,0
2007-09-28,191,195,187,189,37800,0
2007-09-27,191,195,182,191,34600,0
2007-09-26,192,195,187,191,41100,0
2007-09-25,190,195,185,192,128600,0
2007-09-24,189,192,185,190,19100,0
2007-09-21,192,191,187,189,10000,0
2007-09-20,189,195,185,192,61300,0
2007-09-19,188,191,185,189,18700,0
2007-09-18,185,193,185,188,13000,0
2007-09-17,193,193,181,185,12300,0
2007-09-14,196,195,186,193,19500,0
2007-09-13,199,199,185,196,67800,0
2007-09-12,199,200,198,199,57100,0
2007-09-11,198,200,195,199,42100,0
2007-09-10,195,205,188,198,148300,0
2007-09-07,191,200,192,195,62800,0
2007-09-06,191,193,185,191,20700,0
2007-09-05,190,193,186,191,8100,0
2007-09-04,193,191,186,190,14200,0
2007-09-03,191,195,190,193,27300,0
2007-08-31,195,200,188,191,14000,0
2007-08-30,195,200,190,195,44500,0
2007-08-29,189,200,188,195,35700,0
2007-08-28,188,193,185,189,77300,0
2007-08-27,187,190,186,188,31100,0
2007-08-24,187,190,185,187,14500,0
2007-08-23,185,190,185,187,57500,0
2007-08-22,185,187,180,185,38300,0
2007-08-21,184,190,181,185,16600,0
2007-08-20,183,190,180,184,21700,0
2007-08-17,185,187,180,183,16500,0
2007-08-16,182,186,182,185,148700,0
2007-08-15,181,183,180,182,20000,0
2007-08-14,183,184,180,181,6000,0
2007-08-13,184,186,181,183,25500,0
2007-08-10,185,186,180,184,51900,0
2007-08-09,186,187,181,185,28300,0
2007-08-08,186,186,186,186,9500,0
2007-08-07,186,187,185,186,14500,0
2007-08-06,187,188,185,186,10600,0
2007-08-03,187,190,185,187,91400,0
2007-08-02,188,189,185,187,33000,0
2007-08-01,187,189,187,188,42600,0
2007-07-31,186,190,187,187,11200,0
2007-07-30,185,188,185,186,38700,0
2007-07-27,185,188,183,185,11000,0
2007-07-26,184,186,185,185,130200,0
2007-07-25,185,185,182,184,70200,0
2007-07-24,184,187,185,185,12700,0
2007-07-23,185,188,183,184,8000,0
2007-07-20,187,188,180,185,11000,0
2007-07-19,185,190,185,187,96600,0
2007-07-18,187,188,184,185,18700,0
2007-07-17,188,190,183,187,62700,0
2007-07-16,187,195,185,188,52600,0
2007-07-13,188,188,182,187,26900,0
2007-07-12,188,190,188,188,31800,0
2007-07-11,188,190,183,188,12000,0
2007-07-10,193,193,184,188,9200,0
2007-07-09,196,196,186,193,8800,0
2007-07-06,194,200,183,196,22400,0
2007-07-05,194,200,186,194,48000,0
2007-07-04,191,195,190,194,71100,0
2007-07-03,187,193,190,191,155100,0
2007-07-02,190,191,185,187,11300,0
2007-06-29,187,193,181,190,216600,0
2007-06-28,182,189,182,187,124700,0
2007-06-27,182,185,180,182,41100,0
2007-06-26,180,183,178,182,21900,0
2007-06-25,180,182,171,180,14900,0
2007-06-22,182,184,180,180,18400,0
2007-06-21,183,184,180,182,3800,0
2007-06-20,184,185,178,183,11600,0
2007-06-19,182,188,182,184,15500,0
2007-06-18,183,185,180,182,16600,0
2007-06-15,182,185,182,183,29700,0
2007-06-14,183,184,182,182,19400,0
2007-06-13,182,185,181,183,41800,0
2007-06-12,181,184,181,182,20900,0
2007-06-11,180,185,180,181,12500,0
2007-06-08,174,183,174,180,90500,0
2007-06-07,174,180,171,174,7400,0
2007-06-06,179,178,170,174,7700,0
2007-06-05,178,185,174,179,21900,0
2007-06-04,179,184,174,178,11000,0
2007-05-31,179,180,178,179,13200,0
2007-05-31,179,180,178,179,13200,0
2007-05-30,180,182,178,179,11700,0
2007-05-29,183,183,174,180,13000,0
2007-05-28,183,184,180,183,28500,0
2007-05-25,182,193,181,183,422400,0
2007-05-24,182,185,180,182,26300,0
2007-05-23,182,184,180,182,7700,0
2007-05-22,182,185,180,182,18200,0
2007-05-21,183,185,180,182,14100,0
2007-05-18,183,185,181,183,62200,0
2007-05-17,183,185,180,183,41000,0
2007-05-16,184,184,181,183,17100,0
2007-05-15,182,187,183,184,30200,0
2007-05-14,180,185,180,182,7400,0
2007-05-11,179,183,180,180,7200,0
2007-05-10,180,181,175,179,44700,0
2007-05-09,182,182,178,180,18000,0
2007-05-08,182,184,172,182,34700,0
2007-05-07,182,185,178,182,7700,0
2007-05-04,180,185,171,182,66800,0
2007-05-03,180,182,180,180,10700,0
2007-05-02,179,181,180,180,9900,0
2007-04-30,178,183,175,179,7300,0
2007-04-30,178,183,175,179,7300,0
2007-04-27,177,183,171,178,7200,0
2007-04-26,182,186,170,177,10200,0
2007-04-25,174,186,177,182,15300,0
2007-04-24,174,180,171,174,514500,0
2007-04-23,179,180,170,174,12500,0
2007-04-20,184,185,171,179,13800,0
2007-04-19,185,186,176,184,31800,0
2007-04-18,188,187,183,185,9900,0
2007-04-17,188,190,185,188,20100,0
2007-04-16,188,190,187,188,17000,0
2007-04-13,187,195,185,188,22300,0
2007-04-12,185,190,185,187,78800,0
2007-04-11,186,188,185,185,8600,0
2007-04-10,184,191,180,186,14500,0
2007-04-05,187,190,180,184,15000,0
2007-04-05,187,190,180,184,15000,0
2007-04-05,187,190,180,184,15000,0
2007-04-04,191,190,180,187,27100,0
2007-04-03,189,195,180,191,17700,0
2007-04-02,195,195,176,189,19600,0
2007-03-30,178,198,190,195,58900,0
2007-03-29,165,184,173,178,19000,0
2007-03-28,156,172,157,165,15400,0
2007-03-27,159,160,150,156,19400,0
2007-03-26,173,167,153,159,11300,0
2007-03-23,183,181,163,173,19600,0
2007-03-22,184,185,181,183,42900,0
2007-03-21,187,190,179,184,20800,0
2007-03-20,193,190,180,187,6400,0
2007-03-19,194,195,188,193,132400,0
2007-03-16,194,195,190,194,139800,0
2007-03-15,194,195,185,194,57300,0
2007-03-14,194,195,187,194,66900,0
2007-03-13,191,205,187,194,22300,0
2007-03-12,190,195,187,191,72100,0
2007-03-09,189,195,184,190,77900,0
2007-03-08,184,198,183,189,96700,0
2007-03-07,181,185,180,184,51700,0
2007-03-06,181,185,180,181,20100,0
2007-03-05,172,186,180,181,36000,0
2007-03-02,177,180,140,172,25800,0
2007-03-01,191,185,165,177,26000,0
2007-02-28,209,198,180,191,17500,0
2007-02-27,210,211,198,209,62900,0
2007-02-26,210,213,200,210,115000,0
2007-02-23,217,215,205,210,11200,0
2007-02-22,217,219,212,217,45100,0
2007-02-21,217,218,210,217,250500,0
2007-02-20,216,218,214,217,83700,0
2007-02-19,216,218,215,216,21600,0
2007-02-16,217,218,215,216,13400,0
2007-02-15,217,218,216,217,22800,0
2007-02-14,217,218,215,217,36500,0
2007-02-13,217,218,215,217,37400,0
2007-02-12,217,218,215,217,29100,0
2007-02-09,215,219,214,217,151300,0
2007-02-08,215,218,215,215,17100,0
2007-02-07,212,217,213,215,25900,0
2007-02-06,217,217,210,212,8200,0
2007-02-05,218,219,210,217,23000,0
2007-02-02,218,219,210,218,70900,0
2007-02-01,220,220,207,218,34500,0
2007-01-31,215,222,212,220,113500,0
2007-01-30,217,220,214,215,44500,0
2007-01-29,216,225,212,217,50000,0
2007-01-26,223,225,208,216,59000,0
2007-01-25,230,230,218,223,14100,0
2007-01-24,230,231,230,230,35100,0
2007-01-23,233,235,225,230,32200,0
2007-01-22,237,235,230,233,15700,0
2007-01-19,239,246,231,237,21100,0
2007-01-18,247,247,230,239,21600,0
2007-01-17,249,250,232,247,12300,0
2007-01-16,250,251,230,249,48900,0
2007-01-15,259,259,235,250,44900,0
2007-01-12,251,270,240,259,85600,0
2007-01-11,245,270,237,251,77900,0
2007-01-10,236,260,225,245,27000,0
2007-01-09,225,249,221,236,36400,0
2007-01-08,218,236,220,225,14800,0
2007-01-05,212,230,215,218,25000,0
2007-01-04,210,230,210,212,26700,0
2007-01-03,205,215,206,210,66100,0
2007-01-02,205,210,202,205,54400,0
2006-12-29,205,207,205,205,9500,0
2006-12-29,205,207,205,205,9500,0
2006-12-28,204,208,204,205,3500,0
2006-12-27,203,205,204,204,17200,0
2006-12-22,203,210,201,203,15700,0
2006-12-22,203,210,201,203,15700,0
2006-12-22,203,210,201,203,15700,0
2006-12-21,202,205,201,203,7400,0
2006-12-20,202,210,200,202,5300,0
2006-12-19,202,205,201,202,4700,0
2006-12-18,205,205,200,202,13800,0
2006-12-15,209,210,202,205,3400,0
2006-12-14,210,210,201,209,73600,0
2006-12-13,211,220,200,210,99900,0
2006-12-11,212,220,210,211,126200,0
2006-12-11,212,220,210,211,126200,0
2006-12-08,206,216,208,212,33500,0
2006-12-07,206,211,200,206,75800,0
2006-12-06,204,210,195,206,92500,0
2006-12-05,204,208,197,204,59200,0
2006-12-04,202,210,195,204,39800,0
2006-12-01,209,209,195,202,74100,0
2006-11-30,207,213,200,209,134200,0
2006-11-29,212,214,193,207,69300,0
2006-11-28,213,220,207,212,35200,0
2006-11-27,210,220,210,213,11000,0
2006-11-24,207,216,206,210,19200,0
2006-11-23,210,210,201,207,15000,0
2006-11-22,209,216,210,210,16600,0
2006-11-21,208,215,200,209,77700,0
2006-11-20,200,210,200,208,32600,0
2006-11-17,201,207,199,200,8300,0
2006-11-16,194,207,191,201,25000,0
2006-11-15,199,200,181,194,16600,0
2006-11-14,201,205,189,199,34600,0
2006-11-13,206,209,190,201,9500,0
2006-11-10,203,210,200,206,64800,0
2006-11-09,204,210,181,203,30800,0
2006-11-08,210,210,192,204,25400,0
2006-11-07,215,215,201,210,22700,0
2006-11-06,219,222,210,215,30800,0
2006-11-03,226,226,210,219,42600,0
2006-11-02,214,244,210,226,21200,0
2006-11-01,207,225,205,214,34800,0
2006-10-31,198,218,197,207,33200,0
2006-10-30,193,201,183,198,23300,0
2006-10-27,190,200,190,193,179500,0
2006-10-26,182,200,181,190,54700,0
2006-10-25,182,185,180,182,6100,0
2006-10-23,179,185,178,182,39100,0
2006-10-23,179,185,178,182,39100,0
2006-10-19,180,184,178,179,9800,0
2006-10-19,180,184,178,179,9800,0
2006-10-18,179,185,175,180,15000,0
2006-10-17,175,180,177,179,41700,0
2006-10-16,179,180,173,175,42500,0
2006-10-13,174,182,175,179,29100,0
2006-10-12,175,179,172,174,5300,0
2006-10-11,172,179,173,175,9900,0
2006-10-09,178,180,169,172,18500,0
2006-10-09,178,180,169,172,18500,0
2006-10-06,170,180,175,178,44700,0
2006-10-05,170,180,168,170,14200,0
2006-10-04,168,178,169,170,21400,0
2006-10-03,170,172,165,168,25200,0
2006-10-02,168,182,167,170,25400,0
2006-09-29,168,170,165,168,32600,0
2006-09-28,168,178,160,168,17600,0
2006-09-27,167,174,161,168,17100,0
2006-09-26,170,171,166,167,11400,0
2006-09-25,168,176,170,170,18700,0
2006-09-22,171,171,168,168,15700,0
2006-09-21,174,177,170,171,33400,0
2006-09-20,180,194,167,174,106300,0
2006-09-19,166,182,180,180,10300,0
2006-09-18,162,170,164,166,30300,0
2006-09-15,161,165,160,162,14400,0
2006-09-14,160,163,156,161,18900,0
2006-09-13,158,162,160,160,12000,0
2006-09-12,159,161,155,158,25200,0
2006-09-11,10.45,160,158,159,78500,0
"Price list and trading summary for Monday, September 14, 2015",246.00,247.00,245.00,245.00,"65,800",0
"Price list and trading summary for Wednesday, September 09, 2015",243.00,243.00,240.00,241.00,"1,400",0
"Price list and trading summary for Thursday, September 03, 2015",227.00,228.00,226.00,227.00,"2,000",0
"Price list and trading summary for Thursday, September 10, 2015",241.00,248.00,245.00,246.00,"35,900",0
"Price list and trading summary for Tuesday, September 15, 2015",245.00,245.00,240.00,244.00,"202,800",0
"Price list and trading summary for Monday, September 07, 2015",234.00,244.00,241.00,243.00,"1,900",0
"Price list and trading summary for Friday, September 11, 2015",246.00,247.00,245.00,246.00,"11,800",0
"Price list and trading summary for Tuesday, September 08, 2015",243.00,244.00,240.00,243.00,"41,400",0
"Price list and trading summary for Friday, September 18, 2015",239.00,235.00,233.00,233.00,"2,600",0
"Price list and trading summary for Friday, September 25, 2015",230.00,234.00,221.00,224.00,"2,600",0
"Price list and trading summary for Tuesday, September 22, 2015",232.00,230.00,221.00,227.00,"5,900",0
"Price list and trading summary for Monday, September 28, 2015",224.00,229.00,222.00,225.00,"1,300",0
"Price list and trading summary for Monday, September 21, 2015",233.00,235.00,220.00,232.00,"6,900",0
"Price list and trading summary for Wednesday, September 23, 2015",227.00,230.00,229.00,229.00,"30,800",0
"Price list and trading summary for Wednesday, September 16, 2015",244.00,245.00,240.00,240.00,"3,000",0
"Price list and trading summary for Friday, September 04, 2015",227.00,241.00,230.00,234.00,"6,900",0
"Price list and trading summary for Thursday, September 24, 2015",229.00,231.00,229.00,230.00,"2,200",0
"Price list and trading summary for Thursday, September 17, 2015",240.00,240.00,235.00,239.00,"12,100",0
"Price list and trading summary for Wednesday, September 30, 2015",228.00,239.00,230.00,231.00,"22,100",0
"Price list and trading summary for Tuesday, September 29, 2015",225.00,231.00,224.00,228.00,"12,000",0
"Price list and trading summary for Monday, September 07, 2015",234.00,244.00,241.00,243.00,"1,900",0
"Price list and trading summary for Thursday, September 10, 2015",241.00,248.00,245.00,246.00,"35,900",0
"Price list and trading summary for Friday, September 11, 2015",246.00,247.00,245.00,246.00,"11,800",0
"Price list and trading summary for Wednesday, September 16, 2015",244.00,245.00,240.00,240.00,"3,000",0
"Price list and trading summary for Thursday, September 17, 2015",240.00,240.00,235.00,239.00,"12,100",0
"Price list and trading summary for Friday, September 18, 2015",239.00,235.00,233.00,233.00,"2,600",0
"Price list and trading summary for Monday, September 21, 2015",233.00,235.00,220.00,232.00,"6,900",0
"Price list and trading summary for Tuesday, September 22, 2015",232.00,230.00,221.00,227.00,"5,900",0
"Price list and trading summary for Wednesday, September 23, 2015",227.00,230.00,229.00,229.00,"30,800",0
"Price list and trading summary for Tuesday, September 15, 2015",245.00,245.00,240.00,244.00,"202,800",0
"Price list and trading summary for Thursday, September 24, 2015",229.00,231.00,229.00,230.00,"2,200",0
"Price list and trading summary for Tuesday, September 08, 2015",243.00,244.00,240.00,243.00,"41,400",0
"Price list and trading summary for Friday, September 25, 2015",230.00,234.00,221.00,224.00,"2,600",0
"Price list and trading summary for Monday, September 14, 2015",246.00,247.00,245.00,245.00,"65,800",0
"Price list and trading summary for Tuesday, September 29, 2015",225.00,231.00,224.00,228.00,"12,000",0
"Price list and trading summary for Monday, September 28, 2015",224.00,229.00,222.00,225.00,"1,300",0
"Price list and trading summary for Friday, September 04, 2015",227.00,241.00,230.00,234.00,"6,900",0
"Price list and trading summary for Wednesday, September 30, 2015",228.00,239.00,230.00,231.00,"22,100",0
"Price list and trading summary for Wednesday, September 09, 2015",243.00,243.00,240.00,241.00,"1,400",0
"Price list and trading summary for Thursday, September 03, 2015",227.00,228.00,226.00,227.00,"2,000",0
